dh,dz,slope
4.501671,0.000000,0.000000
4.182693,0.241688,0.057783
4.958114,0.645834,0.130258
4.475368,0.183475,0.040997
2.335043,-1.507641,-0.645658
4.942242,0.603930,0.122197
4.993015,0.264200,0.052914
4.993015,0.264200,0.052914
4.994096,0.175163,0.035074
4.998346,-0.128604,-0.025729
4.998346,-0.128604,-0.025729
4.998346,-0.128604,-0.025729
4.993881,-0.106204,-0.021267
4.999609,-0.062482,-0.012497
4.999609,-0.062482,-0.012497
4.999609,-0.062482,-0.012497
4.999609,-0.062482,-0.012497
4.999609,-0.062482,-0.012497
4.999609,-0.062482,-0.012497
4.989392,-0.313907,-0.062915
4.989042,-0.330840,-0.066313
4.989042,-0.330840,-0.066313
4.989042,-0.330840,-0.066313
4.989042,-0.330840,-0.066313
4.989042,-0.330840,-0.066313
4.991112,-0.294091,-0.058923
4.991605,-0.289627,-0.058023
4.991605,-0.289627,-0.058023
4.991605,-0.289627,-0.058023
4.991189,-0.287876,-0.057677
4.993268,-0.259376,-0.051945
4.993268,-0.259376,-0.051945
4.993268,-0.259376,-0.051945
4.993268,-0.259376,-0.051945
4.993268,-0.259376,-0.051945
4.993268,-0.259376,-0.051945
4.993268,-0.259376,-0.051945
4.997113,-0.154624,-0.030943
4.998645,-0.116393,-0.023285
4.998645,-0.116393,-0.023285
4.998645,-0.116393,-0.023285
4.755783,-0.065547,-0.013783
5.000000,0.000000,0.000000
4.632315,0.254922,0.055031
4.986493,0.367272,0.073653
4.986493,0.367272,0.073653
4.986493,0.367272,0.073653
4.986493,0.367272,0.073653
4.916946,0.648637,0.131919
4.916954,0.907505,0.184567
4.916954,0.907505,0.184567
4.916527,0.725146,0.147491
4.987957,0.346825,0.069532
4.987957,0.346825,0.069532
4.987957,0.346825,0.069532
4.987957,0.346825,0.069532
4.987957,0.346825,0.069532
4.938883,0.474421,0.096058
4.975191,0.497475,0.099991
4.975191,0.497475,0.099991
4.975191,0.497475,0.099991
4.963086,0.509143,0.102586
4.896187,1.013586,0.207015
4.896187,1.013586,0.207015
4.896187,1.013586,0.207015
4.924891,0.850732,0.172741
4.940376,0.769859,0.155830
4.940376,0.769859,0.155830
4.940376,0.769859,0.155830
4.818896,0.775530,0.160935
4.936814,0.792381,0.160504
4.936814,0.792381,0.160504
4.936814,0.792381,0.160504
4.750340,0.397918,0.083766
4.867831,0.894156,0.183687
4.994711,0.229907,0.046030
4.994711,0.229907,0.046030
4.994711,0.229907,0.046030
4.994711,0.229907,0.046030
4.979627,0.427492,0.085848
4.980776,0.438034,0.087945
4.980776,0.438034,0.087945
4.980776,0.438034,0.087945
4.980947,0.332930,0.066841
4.992907,0.266235,0.053323
4.992907,0.266235,0.053323
4.210049,0.392338,0.093191
4.933720,0.811420,0.164464
4.933720,0.811420,0.164464
4.933352,0.806462,0.163471
4.939033,0.778429,0.157608
4.939033,0.778429,0.157608
4.870152,0.805942,0.165486
4.856782,1.188136,0.244634
4.378853,1.467061,0.335033
4.670859,1.784118,0.381968
4.458305,-0.718196,-0.161092
2.047222,2.804192,1.369754
4.846263,1.032326,0.213015
4.907063,0.959546,0.195544
4.774927,1.482895,0.310559
4.505968,2.018833,0.448035
4.487865,1.731859,0.385898
4.891908,1.034039,0.211377
4.851975,0.948599,0.195508
4.920792,0.886455,0.180145
4.734045,1.117251,0.236003
4.736564,1.601548,0.338124
4.761977,1.450505,0.304601
4.893688,1.025582,0.209572
4.715613,1.628270,0.345293
4.682026,1.473843,0.314787
4.893489,1.026529,0.209774
4.748118,1.451414,0.305682
4.702906,1.697844,0.361020
4.681718,1.717732,0.366902
4.672607,1.709493,0.365854
4.710033,1.677971,0.356255
4.676779,1.396179,0.298534
4.735918,1.301822,0.274883
4.839441,1.256905,0.259721
4.826657,1.039464,0.215359
4.903883,0.975533,0.198931
4.904793,0.971086,0.197987
4.762454,1.132056,0.237704
4.808022,1.372198,0.285398
4.718063,1.346431,0.285378
4.832667,1.282701,0.265423
4.669379,1.320718,0.282846
4.721756,1.644693,0.348322
4.630205,1.645486,0.355381
4.721329,1.645921,0.348614
4.860708,1.145959,0.235760
4.873107,1.092653,0.224221
4.781344,1.462447,0.305865
4.732430,1.512504,0.319604
4.740334,1.590356,0.335494
4.859765,1.153735,0.237405
3.944716,1.555214,0.394252
4.685591,1.574759,0.336085
4.908518,0.952075,0.193964
4.908518,0.952075,0.193964
4.723097,1.580602,0.334654
4.684827,1.747111,0.372930
4.916945,0.787817,0.160225
4.962506,0.611172,0.123158
4.890491,0.973087,0.198975
4.837419,1.264666,0.261434
4.830808,1.143176,0.236643
4.882080,1.079490,0.221113
4.855061,1.164532,0.239859
4.834447,1.275977,0.263934
4.897237,0.860400,0.175691
4.972574,0.522981,0.105173
4.961401,0.446738,0.090043
4.983667,0.403812,0.081027
4.940341,0.534178,0.108126
4.853431,1.201751,0.247608
4.853431,1.201751,0.247608
4.436521,2.110139,0.475629
4.634778,1.636379,0.353065
4.868780,1.137973,0.233728
4.748209,1.557642,0.328048
4.735353,1.605125,0.338966
4.845598,0.352900,0.072829
5.000000,0.000000,0.000000
5.000000,0.000000,0.000000
4.934615,0.749225,0.151830
4.938937,0.779041,0.157734
4.938937,0.779041,0.157734
4.566358,1.402280,0.307089
4.971575,0.532391,0.107087
4.971575,0.532391,0.107087
4.966952,0.543530,0.109429
4.721143,1.250489,0.264870
4.921134,0.884555,0.179746
4.891443,0.988129,0.202012
4.753398,1.550873,0.326266
4.880300,0.962205,0.197161
4.965947,0.582552,0.117309
4.957608,0.623437,0.125753
4.938426,0.782273,0.158405
4.936307,0.722756,0.146416
4.966822,0.575053,0.115779
4.966822,0.575053,0.115779
4.852341,1.178156,0.242802
4.832756,1.282371,0.265350
4.667042,1.743929,0.373669
4.554539,2.063050,0.452966
4.955657,0.635207,0.128178
4.961012,0.623188,0.125617
4.955965,0.635300,0.128189
4.958365,0.643903,0.129862
4.958365,0.643903,0.129862
4.958365,0.643903,0.129862
4.860360,0.851774,0.175249
4.920812,0.886343,0.180121
4.920812,0.886343,0.180121
4.911518,0.662288,0.134844
4.943750,0.394801,0.079859
4.994076,0.210265,0.042103
4.916929,0.759881,0.154544
4.915427,0.915737,0.186298
4.481200,0.945050,0.210892
4.919933,0.801669,0.162943
4.998605,0.118089,0.023624
4.998605,0.118089,0.023624
4.998605,0.118089,0.023624
4.998605,0.118089,0.023624
4.980980,0.405866,0.081483
4.982379,0.419407,0.084178
4.982379,0.419407,0.084178
4.982379,0.419407,0.084178
4.984348,0.241220,0.048396
4.977222,0.000000,0.000000
4.951028,0.000000,0.000000
5.000000,0.000000,0.000000
3.656513,1.871194,0.511743
4.935439,0.642009,0.130081
4.961743,0.617334,0.124419
4.880963,1.012725,0.207485
4.822887,1.318998,0.273487
4.742410,1.062391,0.224019
4.904201,0.974069,0.198619
4.486760,1.456218,0.324559
4.743196,1.581800,0.333488
4.842023,1.205291,0.248923
4.856423,1.189605,0.244955
4.849870,1.017607,0.209821
4.925442,0.860246,0.174653
4.925442,0.860246,0.174653
4.734319,1.473897,0.311322
4.702778,1.698200,0.361106
4.801222,1.367319,0.284785
4.833681,1.278878,0.264576
4.773150,1.341173,0.280983
4.705855,1.572285,0.334112
4.640007,1.629144,0.351108
4.832618,1.282890,0.265465
4.769200,1.389533,0.291356
4.717975,1.478429,0.313361
4.674329,1.775006,0.379735
4.762171,1.191768,0.250257
4.940142,0.771358,0.156141
4.915851,0.865332,0.176029
4.747703,1.568221,0.330311
4.747703,1.568221,0.330311
4.861451,1.002871,0.206290
4.904407,0.973033,0.198400
4.887603,1.049894,0.214807
4.888484,1.050109,0.214813
4.680926,1.155007,0.246747
4.854484,1.197492,0.246678
4.770705,1.372423,0.287677
4.801217,1.305989,0.272012
4.778864,1.371764,0.287048
4.469663,2.241007,0.501381
4.766433,1.112616,0.233427
4.918818,0.897349,0.182432
4.499722,0.939985,0.208898
4.907684,0.956366,0.194871
4.569492,1.853302,0.405582
4.376958,2.311464,0.528098
4.834478,0.836667,0.173063
4.973268,0.516337,0.103822
4.978383,0.459948,0.092389
4.979176,0.455854,0.091552
4.979176,0.455854,0.091552
4.984117,0.270644,0.054301
4.994199,0.240786,0.048213
4.994199,0.240786,0.048213
4.994199,0.240786,0.048213
4.959601,0.070285,0.014172
5.000000,0.000000,0.000000
4.963644,-0.147735,-0.029763
4.996785,-0.179263,-0.035876
4.991956,-0.196497,-0.039363
4.966753,-0.476505,-0.095939
4.732419,-0.720478,-0.152243
4.823752,-1.097552,-0.227531
4.953087,-0.683325,-0.137959
4.953087,-0.683325,-0.137959
4.968906,-0.205221,-0.041301
4.998830,-0.108153,-0.021636
4.998830,-0.108153,-0.021636
4.998830,-0.108153,-0.021636
4.957170,0.033524,0.006763
4.967125,0.572423,0.115242
4.967125,0.572423,0.115242
4.967125,0.572423,0.115242
4.967125,0.572423,0.115242
4.927800,0.566822,0.115025
4.971513,0.532975,0.107206
4.912736,0.528633,0.107605
4.972530,0.523398,0.105258
4.972530,0.523398,0.105258
4.972530,0.523398,0.105258
4.972530,0.523398,0.105258
4.818664,1.292466,0.268221
4.797220,1.409495,0.293815
4.848197,1.162756,0.239833
4.876358,1.105049,0.226613
4.568771,1.448642,0.317075
4.910245,0.450719,0.091791
5.000000,0.000000,0.000000
4.994380,0.000000,0.000000
4.912776,0.048133,0.009798
4.998478,0.123357,0.024679
4.998478,0.123357,0.024679
4.998478,0.123357,0.024679
4.994435,0.081797,0.016378
4.781062,1.356034,0.283626
4.987690,0.276923,0.055521
4.994235,0.240034,0.048062
4.994235,0.240034,0.048062
4.985257,0.330448,0.066285
4.957693,0.649061,0.130920
4.957693,0.649061,0.130920
4.888497,0.158737,0.032472
4.995383,0.214828,0.043005
4.956348,0.226542,0.045707
4.991067,0.298741,0.059855
4.971852,0.509038,0.102384
4.968383,0.561403,0.112995
4.968383,0.561403,0.112995
4.938406,0.723474,0.146499
4.843289,1.241995,0.256436
4.843289,1.241995,0.256436
4.823741,1.310289,0.271633
4.811623,1.359518,0.282549
4.783618,1.375510,0.287546
4.801394,1.395214,0.290585
4.750202,1.504967,0.316822
4.704916,1.692268,0.359681
4.821471,1.157269,0.240024
4.922581,0.876468,0.178051
4.833728,1.078807,0.223183
4.830433,1.291092,0.267283
4.831682,1.286296,0.266221
4.835690,1.271260,0.262891
4.835690,1.271260,0.262891
4.751654,1.543432,0.324820
4.752186,1.554583,0.327130
4.749659,0.877653,0.184782
4.926155,0.856151,0.173797
4.844426,1.229844,0.253868
4.842556,1.235725,0.255180
4.858277,1.182009,0.243298
4.857192,1.183748,0.243710
4.810714,1.362731,0.283270
4.757505,1.504645,0.316268
4.610851,1.933923,0.419428
4.806067,1.050330,0.218542
4.829360,1.295097,0.268171
4.829360,1.295097,0.268171
4.918093,0.807662,0.164223
4.951616,0.693900,0.140136
4.945659,0.720639,0.145711
4.946775,0.727611,0.147088
4.897552,0.914853,0.186798
4.681146,1.756951,0.375325
4.471699,0.531344,0.118824
3.867204,-3.107893,-0.803654
4.832752,-0.925535,-0.191513
4.801989,-1.393164,-0.290122
4.801989,-1.393164,-0.290122
4.860010,0.208873,0.042978
4.990806,-0.300563,-0.060223
4.941413,-0.763172,-0.154444
4.940605,-0.746037,-0.151001
4.989376,-0.325775,-0.065294
4.989376,-0.325775,-0.065294
4.989376,-0.325775,-0.065294
4.989376,-0.325775,-0.065294
4.861674,0.240711,0.049512
4.666879,-1.763291,-0.377831
4.917641,-0.903776,-0.183782
4.917641,-0.903776,-0.183782
4.917641,-0.903776,-0.183782
4.971046,-0.390650,-0.078585
4.991679,-0.288350,-0.057766
4.991679,-0.288350,-0.057766
4.965606,-0.328014,-0.066057
4.984458,-0.383658,-0.076971
4.992569,-0.272486,-0.054578
4.992569,-0.272486,-0.054578
4.992569,-0.272486,-0.054578
4.943896,-0.687760,-0.139113
4.937227,-0.789805,-0.159969
4.937227,-0.789805,-0.159969
4.984820,-0.186380,-0.037390
5.000000,0.000000,0.000000
5.000000,0.000000,0.000000
4.899088,0.941367,0.192151
4.890445,1.040936,0.212851
4.864933,0.956048,0.196518
4.989496,0.323929,0.064922
4.989496,0.323929,0.064922
4.989496,0.323929,0.064922
4.989496,0.323929,0.064922
4.898922,0.065935,0.013459
5.000000,0.000000,0.000000
4.942827,0.000000,0.000000
5.000000,0.000000,0.000000
4.991831,-0.110782,-0.022193
4.959226,-0.637242,-0.128496
4.959226,-0.637242,-0.128496
4.949868,-0.575656,-0.116297
4.989948,-0.316893,-0.063506
4.989948,-0.316893,-0.063506
4.987908,-0.295122,-0.059167
4.992277,0.277785,0.055643
4.992277,0.277785,0.055643
4.992277,0.277785,0.055643
4.961799,0.267930,0.053999
4.993482,0.255218,0.051110
4.993482,0.255218,0.051110
4.993482,0.255218,0.051110
4.835048,0.187255,0.038729
4.996739,0.180559,0.036135
4.907455,0.109217,0.022255
4.989427,-0.324984,-0.065135
4.994543,-0.129154,-0.025859
5.000000,0.000000,0.000000
5.000000,0.000000,0.000000
5.000000,0.000000,0.000000
4.929927,0.035578,0.007217
4.997090,0.170551,0.034130
4.997090,0.170551,0.034130
4.858214,0.123320,0.025384
4.716108,-0.762505,-0.161681
4.899762,-0.996159,-0.203308
4.899762,-0.996159,-0.203308
4.890849,-0.951376,-0.194522
4.910129,-0.943736,-0.192202
4.862575,-0.925600,-0.190352
4.920972,-0.885456,-0.179935
4.920972,-0.885456,-0.179935
4.883319,-0.853552,-0.174789
5.000000,0.000000,0.000000
5.000000,0.000000,0.000000
5.000000,0.000000,0.000000
4.945740,-0.087200,-0.017631
4.990889,-0.301708,-0.060452
4.990889,-0.301708,-0.060452
4.637927,-0.365951,-0.078904
4.973753,-0.511648,-0.102870
4.767623,-0.108675,-0.022794
4.959556,0.634673,0.127970
4.959556,0.634673,0.127970
4.873618,0.327495,0.067197
4.994994,-0.223687,-0.044782
4.994994,-0.223687,-0.044782
4.994994,-0.223687,-0.044782
4.986495,0.026825,0.005379
4.972309,0.525494,0.105684
4.972309,0.525494,0.105684
4.932414,0.424284,0.086019
4.985956,0.374483,0.075108
4.985956,0.374483,0.075108
1.034434,0.392776,0.379701
4.995028,-0.222920,-0.044628
4.974565,-0.395692,-0.079543
4.909294,-0.948067,-0.193117
4.495391,-0.530587,-0.118029
4.982693,-0.415650,-0.083419
4.895371,-0.279811,-0.057158
5.000000,0.000000,0.000000
4.956552,-0.273303,-0.055140
3.350177,0.189203,0.056476
0.290736,0.488483,1.680153
3.059786,0.180538,0.059003
4.906498,0.962432,0.196154
4.535806,0.748873,0.165102
4.960737,0.625369,0.126064
4.960737,0.625369,0.126064
4.434596,0.537009,0.121095
4.977199,0.476960,0.095829
4.984165,0.375641,0.075367
4.992497,0.273821,0.054846
4.992497,0.273821,0.054846
4.992497,0.273821,0.054846
4.981232,0.041965,0.008425
5.000000,0.000000,0.000000
4.929615,0.438395,0.088931
4.787418,1.442440,0.301298
4.708765,0.998819,0.212119
4.995176,0.219571,0.043957
4.924826,0.352518,0.071580
4.590806,0.674811,0.146992
4.566873,0.630708,0.138105
4.935955,0.797719,0.161614
4.951921,-0.051352,-0.010370
4.994236,-0.240002,-0.048056
4.998447,-0.063627,-0.012729
5.000000,0.000000,0.000000
4.302273,-1.825922,-0.424409
4.729253,-1.105097,-0.233672
1.679643,-0.033122,-0.019720
4.956787,0.655942,0.132332
4.792709,0.555677,0.115942
4.892447,0.390566,0.079830
4.984655,0.391427,0.078526
4.954363,0.563530,0.113744
4.963706,0.601355,0.121150
4.900419,0.417652,0.085228
4.994809,0.227779,0.045603
4.857458,0.707326,0.145616
4.647382,1.844408,0.396870
4.932270,0.795530,0.161291
4.937086,0.790687,0.160152
4.894258,0.514961,0.105217
4.896904,0.324657,0.066298
4.990121,0.314161,0.062957
4.904860,0.586236,0.119521
4.918167,0.900904,0.183179
4.943314,0.696380,0.140873
4.989471,0.324313,0.064999
4.965753,0.060650,0.012214
4.723535,0.797842,0.168908
4.900764,0.991221,0.202258
4.785951,0.723376,0.151146
4.991403,0.293074,0.058716
4.991403,0.293074,0.058716
4.991403,0.293074,0.058716
4.855521,1.170388,0.241043
4.854831,1.196082,0.246369
4.786580,1.405861,0.293709
4.796051,1.413471,0.294716
4.893756,0.952046,0.194543
4.953350,0.681419,0.137567
4.953350,0.681419,0.137567
4.956739,0.649505,0.131035
4.985031,0.386610,0.077554
4.985031,0.386610,0.077554
4.948255,0.651085,0.131579
4.919501,0.893592,0.181643
4.919501,0.893592,0.181643
4.903139,0.838120,0.170935
4.931095,0.827228,0.167757
4.941607,0.754820,0.152748
4.951756,0.692902,0.139931
4.951756,0.692902,0.139931
4.829286,0.746689,0.154617
4.548949,1.235238,0.271544
4.911550,0.936309,0.190634
4.911550,0.936309,0.190634
4.689092,0.585476,0.124859
4.975096,0.498422,0.100183
4.975096,0.498422,0.100183
4.949970,0.700016,0.141418
4.950535,0.701575,0.141717
4.819674,0.868312,0.180160
4.831153,1.288395,0.266685
4.556114,1.045860,0.229551
4.965917,0.582812,0.117362
4.203071,1.536418,0.365546
4.674116,1.775567,0.379872
4.843173,0.962415,0.198716
4.675618,1.392494,0.297820
4.003092,2.785934,0.695945
4.864260,1.157140,0.237886
4.533900,1.827504,0.403075
4.909761,0.945643,0.192605
4.909761,0.945643,0.192605
4.684038,1.567205,0.334584
4.747089,1.467420,0.309120
4.920691,0.887018,0.180263
4.837350,1.056183,0.218339
4.878565,1.095261,0.224505
4.866119,1.036586,0.213021
4.945126,0.738733,0.149386
4.945126,0.738733,0.149386
4.945126,0.738733,0.149386
4.812607,1.067102,0.221731
4.878106,1.097305,0.224945
4.599875,1.152539,0.250559
4.828129,1.299680,0.269189
4.832188,1.279405,0.264767
4.933551,0.812452,0.164679
4.933551,0.812452,0.164679
4.813275,0.997433,0.207225
4.882943,1.075577,0.220272
4.834883,0.902387,0.186641
4.949565,0.708379,0.143119
4.949565,0.708379,0.143119
4.919498,0.736104,0.149630
4.890672,1.039871,0.212623
4.666267,0.903996,0.193730
4.926253,0.855587,0.173679
2.677154,1.059808,0.395871
2.463510,0.353766,0.143602
5.000000,0.000000,0.000000
4.980623,0.417988,0.083923
2.268365,0.582012,0.256578
4.958766,0.000000,0.000000
5.000000,0.000000,0.000000
4.667209,1.486792,0.318561
4.883329,1.073825,0.219896
4.883329,1.073825,0.219896
4.980558,0.185216,0.037188
4.989553,0.323050,0.064745
4.989553,0.323050,0.064745
4.989553,0.323050,0.064745
4.989553,0.323050,0.064745
4.916168,0.409946,0.083387
4.971711,0.531127,0.106830
4.895705,0.797855,0.162970
4.918334,0.899994,0.182987
4.918334,0.899994,0.182987
4.942541,0.580550,0.117460
4.993121,0.262199,0.052512
4.978327,0.338018,0.067898
4.984778,0.389861,0.078210
4.982069,0.399755,0.080239
4.946081,0.732317,0.148060
4.930076,0.339442,0.068851
4.994180,0.241171,0.048290
4.608904,1.608046,0.348900
4.481927,1.857866,0.414524
4.787933,1.388422,0.289983
4.800375,1.398711,0.291375
4.865955,0.684121,0.140593
4.935781,0.659865,0.133690
4.896149,0.696903,0.142337
4.966694,0.576147,0.116002
3.926446,1.894501,0.482498
4.185646,2.701545,0.645431
3.484993,3.522896,1.010876
4.616370,1.725059,0.373683
4.326097,2.438108,0.563581
4.621482,1.744486,0.377473
4.725405,1.479505,0.313096
4.609765,1.936509,0.420088
4.804753,1.297995,0.270148
4.652651,1.326274,0.285058
2.107051,3.430171,1.627948
3.788944,2.418100,0.638199
4.269598,2.156701,0.505130
4.165480,2.703768,0.649089
4.438891,1.868447,0.420926
4.374348,1.507413,0.344603
4.280609,2.564363,0.599065
3.837715,2.175905,0.566979
4.837293,1.265145,0.261540
4.266501,2.050234,0.480542
4.509305,2.144167,0.475498
3.999582,2.918713,0.729754
4.211250,2.342581,0.556267
4.759706,0.683244,0.143548
4.899329,0.000000,0.000000
4.823005,0.650396,0.134853
4.881697,1.081221,0.221485
4.956228,0.168383,0.033974
5.000000,0.000000,0.000000
4.963706,0.000000,0.000000
5.000000,0.000000,0.000000
4.899214,-0.555086,-0.113301
4.941859,-0.760284,-0.153846
4.924429,0.531367,0.107904
4.951721,0.693154,0.139982
4.686742,1.528721,0.326180
4.718240,1.654754,0.350714
4.731643,1.588412,0.335700
3.304662,2.331471,0.705509
0.975954,2.897328,2.968710
4.676255,1.769927,0.378492
2.577978,1.050611,0.407533
4.796362,1.412412,0.294476
2.400381,1.959421,0.816295
4.157585,2.276263,0.547496
4.345998,1.960165,0.451028
4.130370,2.360126,0.571408
3.153182,3.765779,1.194279
4.744550,0.887371,0.187030
4.473597,2.220036,0.496253
4.590342,1.982110,0.431800
3.831760,3.129264,0.816665
4.607308,1.827526,0.396658
4.486669,2.152449,0.479743
4.239410,2.356604,0.555880
4.205585,2.400479,0.570783
4.453514,2.259938,0.507450
4.356983,2.237528,0.513550
3.566542,3.367151,0.944094
3.765752,3.090436,0.820669
4.476707,2.104471,0.470093
4.270027,0.986061,0.230926
4.984449,0.394033,0.079053
4.971705,0.475878,0.095717
4.900828,0.990901,0.202190
4.709369,1.624727,0.344999
1.321067,2.135963,1.616845
3.391070,3.047149,0.898580
3.457396,1.305926,0.377719
4.996443,0.188558,0.037738
4.259048,0.305894,0.071822
4.787673,1.441593,0.301105
1.565198,1.315349,0.840372
4.866616,1.147191,0.235727
4.866616,1.147191,0.235727
4.692772,1.414826,0.301490
4.693865,1.722682,0.367007
4.698844,1.637132,0.348412
4.802147,1.392618,0.289999
4.802147,1.392618,0.289999
4.898148,0.880007,0.179661
4.941013,0.765762,0.154981
4.941013,0.765762,0.154981
4.941013,0.765762,0.154981
4.639864,1.334071,0.287524
4.454845,2.270321,0.509630
2.647156,3.029295,1.144358
3.703314,2.223149,0.600313
4.125975,2.478565,0.600722
2.444297,2.567032,1.050212
4.895200,1.018341,0.208029
4.788467,1.119277,0.233744
4.719736,1.650482,0.349698
4.663899,1.358219,0.291220
4.832891,-1.281861,-0.265237
4.361869,-1.599267,-0.366647
4.652699,-1.818052,-0.390752
4.720145,-1.592601,-0.337405
4.920567,-0.887706,-0.180407
4.273885,1.241504,0.290486
4.349114,2.319049,0.533223
4.857973,0.597683,0.123031
4.936153,-0.441829,-0.089509
4.763402,0.222016,0.046609
3.745291,2.276862,0.607926
4.120986,2.740242,0.664948
2.952445,2.895890,0.980845
2.209157,3.471536,1.571430
3.841200,3.143909,0.818470
4.898141,1.004098,0.204996
4.898141,1.004098,0.204996
4.536432,1.509357,0.332719
4.680317,1.759156,0.375863
4.475018,2.080924,0.465009
4.643126,1.666748,0.358971
4.884841,1.066921,0.218415
4.918334,0.891276,0.181215
4.934631,0.805861,0.163307
4.906984,0.924784,0.188463
4.791593,1.428508,0.298128
4.774874,1.456339,0.305001
4.753996,1.549037,0.325839
4.243535,2.417444,0.569677
4.269085,2.595170,0.607898
4.666899,1.765874,0.378383
4.373410,2.421297,0.553640
4.490251,2.199465,0.489831
4.287677,2.509984,0.585395
3.111060,2.246567,0.722122
4.488199,0.826141,0.184070
3.660589,0.300764,0.082163
4.776053,-1.337796,-0.280105
4.671909,1.781365,0.381293
4.497531,2.160366,0.480345
4.453706,2.269496,0.509575
4.514968,2.139391,0.473844
4.144409,2.683378,0.647469
3.763940,2.988508,0.793984
4.196074,2.695724,0.642440
4.447542,2.270206,0.510440
3.959652,2.909531,0.734795
4.062204,2.655328,0.653667
4.186504,2.689159,0.642340
4.032704,2.706661,0.671178
3.244650,3.131339,0.965077
4.083356,2.859412,0.700260
4.250919,2.576857,0.606188
3.549193,3.283931,0.925261
4.491758,2.196386,0.488981
4.029300,2.868917,0.712014
4.041959,2.938780,0.727068
3.851518,2.020757,0.524665
2.692671,-1.719113,-0.638441
4.559907,0.560075,0.122826
4.912231,0.749831,0.152646
2.611172,-0.672346,-0.257488
2.922930,0.537496,0.183889
4.965111,0.566932,0.114183
4.686561,0.500816,0.106862
4.355709,0.999184,0.229396
5.000000,0.000000,0.000000
5.000000,0.000000,0.000000
4.703186,0.699820,0.148797
4.853848,1.200067,0.247240
4.911051,0.716857,0.145968
4.965024,0.189267,0.038120
4.984347,-0.395327,-0.079314
4.975625,-0.492838,-0.099051
4.975383,-0.495547,-0.099600
4.975383,-0.495547,-0.099600
4.975383,-0.495547,-0.099600
4.932012,-0.194619,-0.039460
4.681074,1.714170,0.366191
4.965929,0.582713,0.117342
4.965929,0.582713,0.117342
4.965929,0.582713,0.117342
4.965929,0.582713,0.117342
4.933057,0.724131,0.146791
4.946609,0.728740,0.147321
4.940985,0.465522,0.094217
5.000000,0.000000,0.000000
4.996037,-0.131512,-0.026323
4.998027,-0.140448,-0.028101
4.992858,-0.138359,-0.027711
4.998636,-0.116808,-0.023368
4.998636,-0.116808,-0.023368
4.998636,-0.116808,-0.023368
4.998636,-0.116808,-0.023368
4.989855,0.258948,0.051895
4.987852,0.348337,0.069837
4.987852,0.348337,0.069837
4.987852,0.348337,0.069837
4.988678,-0.019556,-0.003920
4.998605,-0.118102,-0.023627
4.998605,-0.118102,-0.023627
4.998605,-0.118102,-0.023627
4.977957,0.015930,0.003200
4.998478,0.123361,0.024680
4.998478,0.123361,0.024680
4.998478,0.123361,0.024680
4.989625,0.158732,0.031812
4.996242,0.193831,0.038795
4.996242,0.193831,0.038795
4.995302,-0.118957,-0.023814
4.997889,-0.145285,-0.029069
4.997889,-0.145285,-0.029069
4.989395,-0.144363,-0.028934
4.997944,-0.143368,-0.028685
4.997944,-0.143368,-0.028685
4.997944,-0.143368,-0.028685
4.998748,0.109411,0.021888
4.998765,0.111109,0.022227
4.998765,0.111109,0.022227
4.998765,0.111109,0.022227
4.995233,-0.066975,-0.013408
4.993749,-0.249935,-0.050049
4.981211,-0.255292,-0.051251
4.993193,-0.260807,-0.052232
4.947477,0.692910,0.140053
4.945881,0.733662,0.148338
4.945881,0.733662,0.148338
4.976249,0.305565,0.061405
4.995411,0.214166,0.042873
4.979225,-0.188583,-0.037874
4.962805,-0.608738,-0.122660
4.962805,-0.608738,-0.122660
4.962805,-0.608738,-0.122660
4.971088,-0.497226,-0.100024
4.983585,-0.404819,-0.081230
4.983585,-0.404819,-0.081230
4.983585,-0.404819,-0.081230
4.983585,-0.404819,-0.081230
4.967054,-0.548375,-0.110403
4.967054,-0.573039,-0.115368
4.959455,-0.609481,-0.122893
4.956000,-0.661865,-0.133548
4.986426,-0.342167,-0.068620
4.990603,-0.306403,-0.061396
4.990603,-0.306403,-0.061396
4.990603,-0.306403,-0.061396
4.894076,0.118683,0.024250
4.902860,0.980797,0.200046
4.431831,0.260463,0.058771
4.767341,-0.874959,-0.183532
4.889319,-1.046212,-0.213979
4.889319,-1.046212,-0.213979
4.884071,-0.695550,-0.142412
4.956328,-0.659399,-0.133042
4.959129,-0.606653,-0.122330
4.964822,-0.592069,-0.119253
4.964822,-0.592069,-0.119253
4.964822,-0.592069,-0.119253
4.966014,-0.502336,-0.101155
4.977944,-0.469116,-0.094239
4.977944,-0.469116,-0.094239
4.977944,-0.469116,-0.094239
4.928111,-0.504887,-0.102450
4.972703,-0.521747,-0.104922
4.972703,-0.521747,-0.104922
4.972703,-0.521747,-0.104922
4.980849,-0.164231,-0.032972
4.999013,-0.099337,-0.019871
4.999013,-0.099337,-0.019871
4.999013,-0.099337,-0.019871
4.964781,-0.465794,-0.093820
4.995199,0.074458,0.014906
4.998042,0.139921,0.027995
4.998042,0.139921,0.027995
4.975142,0.249945,0.050239
4.977658,0.472141,0.094852
4.983635,0.156852,0.031473
4.992717,-0.269774,-0.054033
4.992717,-0.269774,-0.054033
4.992219,-0.245808,-0.049238
5.000000,0.000000,0.000000
5.000000,0.000000,0.000000
4.997827,0.000000,0.000000
5.000000,0.000000,0.000000
4.999037,0.000000,0.000000
5.000000,0.000000,0.000000
4.914869,-0.794700,-0.161693
4.959502,-0.432696,-0.087246
4.992061,-0.263667,-0.052817
4.992940,0.265611,0.053197
4.992940,0.265611,0.053197
4.992940,0.265611,0.053197
4.990084,0.304627,0.061046
4.983096,0.410795,0.082438
4.983274,0.372011,0.074652
4.999237,-0.087329,-0.017469
4.999237,-0.087329,-0.017469
4.999237,-0.087329,-0.017469
4.999237,-0.087329,-0.017469
4.855103,0.147407,0.030361
4.911282,0.004662,0.000949
1.801832,0.106801,0.059274
3.009624,2.567805,0.853198
3.702528,-1.492588,-0.403126
4.600259,0.863216,0.187645
4.994783,-0.228347,-0.045717
4.969372,-0.319608,-0.064316
4.983263,-0.408761,-0.082027
4.983263,-0.408761,-0.082027
4.983263,-0.408761,-0.082027
4.983263,-0.408761,-0.082027
4.985825,0.216037,0.043330
4.992673,0.125774,0.025192
5.000000,0.000000,0.000000
5.000000,0.000000,0.000000
5.000000,0.000000,0.000000
4.943553,0.337851,0.068342
4.984916,0.338887,0.067983
4.992795,0.268333,0.053744
4.992795,0.268333,0.053744
4.992795,0.268333,0.053744
4.997581,0.018264,0.003655
5.000000,0.000000,0.000000
5.000000,0.000000,0.000000
4.996560,-0.132880,-0.026594
4.997701,-0.151598,-0.030334
4.997701,-0.151598,-0.030334
4.976182,0.083259,0.016731
4.993519,0.254490,0.050964
4.967833,-0.306006,-0.061597
4.956392,-0.658925,-0.132944
4.956392,-0.658925,-0.132944
4.868611,-0.857066,-0.176039
4.810569,0.241922,0.050290
4.925702,0.858754,0.174341
4.157279,0.679067,0.163344
4.887038,0.842386,0.172371
4.214805,1.873263,0.444448
3.652939,3.275973,0.896804
4.264300,2.462812,0.577542
4.683221,1.669462,0.356477
4.758835,1.534107,0.322370
4.772142,1.151220,0.241237
4.922657,0.876041,0.177961
4.856050,1.086588,0.223759
4.804103,1.385854,0.288473
4.447532,1.411733,0.317419
4.887462,0.920304,0.188299
4.403190,1.937825,0.440096
2.849485,2.712238,0.951834
3.753684,2.496440,0.665064
3.793964,2.943250,0.775772
2.900551,4.023204,1.387048
2.709263,1.651158,0.609449
3.900244,2.288604,0.586785
3.284553,1.679935,0.511465
4.990568,-0.306982,-0.061512
4.655684,-0.115905,-0.024895
5.000000,0.000000,0.000000
5.000000,0.000000,0.000000
4.933493,-0.317039,-0.064263
4.987129,-0.358531,-0.071891
4.987129,-0.358531,-0.071891
4.987129,-0.358531,-0.071891
4.859190,0.671143,0.138118
4.874937,1.111301,0.227962
4.493876,1.131740,0.251840
4.955873,-0.238546,-0.048134
4.998203,-0.134032,-0.026816
4.998203,-0.134032,-0.026816
4.969665,0.058758,0.011823
4.797847,0.669327,0.139506
4.945589,-0.408930,-0.082686
4.995027,-0.222943,-0.044633
4.995027,-0.222943,-0.044633
4.995027,-0.222943,-0.044633
4.943381,0.197988,0.040051
4.798814,1.404060,0.292585
4.842779,-0.810351,-0.167332
4.828938,1.296671,0.268521
4.842544,1.104185,0.228018
4.991021,0.299516,0.060011
4.991021,0.299516,0.060011
4.991021,0.299516,0.060011
4.981846,0.282406,0.056687
4.719576,-0.039810,-0.008435
3.917214,-1.887810,-0.481927
4.799584,-1.401425,-0.291989
4.922903,-0.713580,-0.144951
4.973050,-0.518432,-0.104248
4.657768,-0.851840,-0.182886
2.325121,-0.971951,-0.418022
3.210404,-0.174781,-0.054442
4.998930,-0.103455,-0.020695
4.998930,-0.103455,-0.020695
4.998930,-0.103455,-0.020695
4.589801,-0.659244,-0.143632
4.822613,-1.243150,-0.257775
4.962284,-0.397078,-0.080019
4.489298,-0.301267,-0.067108
4.987832,-0.348612,-0.069892
4.997097,-0.019425,-0.003887
5.000000,0.000000,0.000000
3.574417,-0.103957,-0.029084
4.926264,-0.795870,-0.161556
4.949595,-0.526740,-0.106421
4.852870,1.204014,0.248103
4.920009,-0.411240,-0.083585
4.939178,-0.777511,-0.157417
4.974541,-0.345627,-0.069479
4.991582,-0.290015,-0.058101
4.991582,-0.290015,-0.058101
4.991582,-0.290015,-0.058101
4.991452,-0.290936,-0.058287
4.990645,-0.305720,-0.061259
4.990645,-0.305720,-0.061259
4.990645,-0.305720,-0.061259
4.990645,-0.305720,-0.061259
4.958724,-0.481954,-0.097193
4.816195,-1.231876,-0.255778
4.992222,-0.278781,-0.055843
4.942092,-0.230293,-0.046598
4.997494,-0.158287,-0.031673
4.997494,-0.158287,-0.031673
4.979476,-0.112247,-0.022542
4.998883,-0.105691,-0.021143
4.998883,-0.105691,-0.021143
4.998883,-0.105691,-0.021143
4.967268,0.022981,0.004626
4.938099,0.784330,0.158832
4.938194,-0.777186,-0.157383
4.833229,-0.620536,-0.128390
4.488399,2.167573,0.482928
4.023395,-2.102100,-0.522469
3.728850,1.589462,0.426261
4.470359,-1.852442,-0.414383
3.787263,-2.110523,-0.557268
4.327008,-2.505394,-0.579013
4.225732,-1.682892,-0.398248
4.421069,-0.339025,-0.076684
4.202311,-2.709352,-0.644729
4.039726,-2.305466,-0.570698
4.148433,-1.560261,-0.376108
4.739536,-1.434503,-0.302667
4.872887,-1.120254,-0.229895
4.800334,-0.866602,-0.180529
4.998444,-0.124720,-0.024952
4.998444,-0.124720,-0.024952
4.998444,-0.124720,-0.024952
4.950809,-0.272761,-0.055094
4.946873,-0.726945,-0.146950
4.935479,0.334699,0.067815
4.975631,0.493050,0.099093
4.975631,0.493050,0.099093
4.959686,0.473347,0.095439
4.977931,0.469251,0.094266
4.977931,0.469251,0.094266
4.845684,0.072998,0.015065
5.000000,0.000000,0.000000
4.976696,0.275164,0.055291
4.964292,0.596500,0.120158
4.905573,0.581573,0.118554
4.966539,0.577481,0.116274
4.973041,0.428056,0.086075
4.997342,0.163021,0.032622
4.997342,0.163021,0.032622
4.953827,0.402697,0.081290
4.903059,0.979801,0.199835
4.903059,0.979801,0.199835
4.925117,0.704521,0.143047
4.997604,0.154760,0.030967
4.997604,0.154760,0.030967
4.812914,0.538843,0.111958
4.478827,0.703407,0.157052
3.010206,-0.703407,-0.233674
3.407462,1.000000,0.293473
5.000000,0.000000,0.000000
4.991237,0.241168,0.048318
4.988280,0.342137,0.068588
4.988280,0.342137,0.068588
4.919681,-0.168959,-0.034344
4.936055,-0.565516,-0.114568
4.775573,-0.967059,-0.202501
4.979189,-0.455714,-0.091524
4.979189,-0.455714,-0.091524
4.553779,-1.364184,-0.299572
4.610104,-1.331704,-0.288866
4.871171,-1.127693,-0.231503
4.849449,-1.190646,-0.245522
4.830863,-1.289482,-0.266926
4.834957,-1.268932,-0.262449
4.867639,-1.142843,-0.234784
4.867639,-1.142843,-0.234784
4.834076,-0.944286,-0.195340
4.675994,-1.770616,-0.378661
4.753485,-1.449871,-0.305012
4.836377,-1.268643,-0.262313
4.836377,-1.268643,-0.262313
4.706664,-1.452092,-0.308518
4.595897,-1.529416,-0.332778
4.645920,-1.723457,-0.370961
4.912271,-0.932522,-0.189835
4.893515,-1.010196,-0.206436
4.894629,-1.021080,-0.208612
4.876048,-1.029453,-0.211124
4.841858,-1.247562,-0.257662
4.912948,-0.744847,-0.151609
4.958192,-0.645239,-0.130136
4.911592,-0.789941,-0.160832
4.924983,-0.862872,-0.175203
4.924983,-0.862872,-0.175203
4.760678,-1.507749,-0.316709
4.738497,-1.595235,-0.336654
4.762452,-1.497835,-0.314509
4.903358,-0.978304,-0.199517
4.903358,-0.978304,-0.199517
4.538992,-1.594190,-0.351221
4.872479,-1.069798,-0.219559
4.916379,-0.910613,-0.185220
4.916379,-0.910613,-0.185220
4.916379,-0.910613,-0.185220
4.713893,-1.503621,-0.318976
4.816365,-1.319234,-0.273906
4.835723,-1.267031,-0.262015
4.929499,-0.836682,-0.169729
4.929499,-0.836682,-0.169729
4.846960,-1.066260,-0.219985
4.618281,-1.820518,-0.394198
4.701767,-1.251557,-0.266189
4.130324,-1.587630,-0.384384
4.117540,-2.070193,-0.502774
4.771092,-1.495552,-0.313461
4.770443,-1.496614,-0.313726
4.585226,-1.919263,-0.418575
4.974574,-0.503599,-0.101235
4.974574,-0.503599,-0.101235
4.955559,-0.574172,-0.115864
4.940642,-0.768150,-0.155476
4.940642,-0.768150,-0.155476
4.940642,-0.768150,-0.155476
4.863832,0.017521,0.003602
4.930412,-0.831285,-0.168603
4.930412,-0.831285,-0.168603
4.459943,-1.396905,-0.313211
4.725443,-1.634072,-0.345803
4.883829,-1.062996,-0.217656
4.886816,-1.057844,-0.216469
4.908647,-0.888802,-0.181069
4.985487,-0.380690,-0.076360
4.985487,-0.380690,-0.076360
4.985487,-0.380690,-0.076360
4.930283,0.007848,0.001592
4.922840,0.875010,0.177745
4.922840,0.875010,0.177745
4.922840,0.875010,0.177745
4.997429,-0.100381,-0.020087
4.998895,-0.105112,-0.021027
4.998895,-0.105112,-0.021027
4.998895,-0.105112,-0.021027
4.847318,0.026646,0.005497
4.979918,0.447682,0.089898
4.979918,0.447682,0.089898
4.979918,0.447682,0.089898
4.979918,0.447682,0.089898
4.979918,0.447682,0.089898
4.948874,0.054883,0.011090
5.000000,0.000000,0.000000
5.000000,0.000000,0.000000
5.000000,0.000000,0.000000
4.947917,-0.263905,-0.053337
4.961544,-0.618942,-0.124748
4.853012,-0.517153,-0.106563
5.000000,0.000000,0.000000
5.000000,0.000000,0.000000
5.000000,0.000000,0.000000
5.000000,0.000000,0.000000
4.951293,0.110070,0.022230
4.998305,0.130167,0.026042
4.998305,0.130167,0.026042
4.998248,0.129595,0.025928
5.000000,0.000000,0.000000
5.000000,0.000000,0.000000
5.000000,0.000000,0.000000
5.000000,0.000000,0.000000
4.987583,-0.058438,-0.011717
4.992245,-0.278365,-0.055759
4.912194,-0.298272,-0.060721
4.989330,-0.326481,-0.065436
4.989330,-0.326481,-0.065436
4.989330,-0.326481,-0.065436
4.989330,-0.326481,-0.065436
4.713984,-1.420992,-0.301442
4.726790,-1.606472,-0.339865
4.841734,-1.248042,-0.257767
4.841734,-1.248042,-0.257767
4.889183,-0.912686,-0.186675
4.981344,-0.431529,-0.086629
4.981344,-0.431529,-0.086629
4.981344,-0.431529,-0.086629
4.974497,-0.432019,-0.086847
4.975469,-0.494685,-0.099425
4.975469,-0.494685,-0.099425
4.975469,-0.494685,-0.099425
4.842658,-1.195803,-0.246931
4.850534,-1.213391,-0.250156
4.866075,-1.093400,-0.224699
4.944268,-0.744453,-0.150569
4.944268,-0.744453,-0.150569
4.934278,-0.735129,-0.148984
4.979403,-0.453375,-0.091050
4.811746,-1.056580,-0.219583
4.927186,-0.850199,-0.172553
4.927186,-0.850199,-0.172553
4.907413,-0.806408,-0.164324
4.959188,-0.637542,-0.128558
4.978754,-0.131174,-0.026347
5.000000,0.000000,0.000000
4.838206,-0.398542,-0.082374
4.882727,-0.549570,-0.112554
4.973732,-0.511851,-0.102911
4.973732,-0.511851,-0.102911
4.826447,-0.642285,-0.133076
4.990288,-0.311492,-0.062420
4.990288,-0.311492,-0.062420
4.862042,-0.375955,-0.077325
4.835052,-0.434703,-0.089906
4.982893,-0.413247,-0.082933
4.982893,-0.413247,-0.082933
4.982893,-0.413247,-0.082933
4.714613,-0.942355,-0.199880
4.893447,-1.026733,-0.209818
4.807791,-1.022408,-0.212657
4.904327,-0.973432,-0.198484
4.904327,-0.973432,-0.198484
4.904327,-0.973432,-0.198484
4.932437,-0.679235,-0.137708
4.977540,-0.473384,-0.095104
4.977540,-0.473384,-0.095104
4.977540,-0.473384,-0.095104
4.962474,-0.411187,-0.082859
4.986648,-0.365155,-0.073227
4.986648,-0.365155,-0.073227
4.986648,-0.365155,-0.073227
4.954928,-0.411864,-0.083122
4.981629,-0.428217,-0.085959
4.981629,-0.428217,-0.085959
4.919734,-0.428788,-0.087157
4.967295,-0.460009,-0.092608
4.933306,-0.813937,-0.164988
4.933306,-0.813937,-0.164988
4.933306,-0.813937,-0.164988
4.927409,-0.805999,-0.163574
4.978975,-0.458046,-0.091996
4.978975,-0.458046,-0.091996
4.978975,-0.458046,-0.091996
4.933800,-0.743863,-0.150769
4.928868,-0.840395,-0.170505
4.928868,-0.840395,-0.170505
4.928868,-0.840395,-0.170505
4.932780,-0.773412,-0.156790
4.970339,-0.543807,-0.109410
4.970339,-0.543807,-0.109410
4.970339,-0.543807,-0.109410
4.970339,-0.543807,-0.109410
4.755579,-1.190732,-0.250386
4.820220,-1.203053,-0.249585
4.867739,-1.142416,-0.234691
4.867739,-1.142416,-0.234691
4.941890,-0.605263,-0.122476
4.977412,-0.474732,-0.095377
4.924088,-0.832774,-0.169122
4.901484,-0.987647,-0.201499
4.926084,-0.791988,-0.160774
4.993356,-0.257669,-0.051602
4.902778,-0.495770,-0.101120
4.795385,-1.046323,-0.218194
4.880314,-1.061680,-0.217543
4.988657,-0.336596,-0.067472
4.988657,-0.336596,-0.067472
4.707682,-0.438687,-0.093185
4.966067,-0.581533,-0.117101
4.979127,-0.425099,-0.085376
4.887952,-0.250983,-0.051347
5.000000,0.000000,0.000000
4.993208,-0.023676,-0.004742
4.883553,-1.072806,-0.219677
4.933324,-0.303518,-0.061524
4.990503,-0.113963,-0.022836
4.993285,-0.259043,-0.051878
4.966509,-0.468052,-0.094242
4.955034,-0.669058,-0.135026
4.895601,-0.551757,-0.112705
4.984928,-0.387938,-0.077822
4.984928,-0.387938,-0.077822
4.981287,-0.365347,-0.073344
4.986949,-0.361029,-0.072395
4.986949,-0.361029,-0.072395
4.986949,-0.361029,-0.072395
4.978415,-0.379000,-0.076129
4.985560,-0.379715,-0.076163
4.985560,-0.379715,-0.076163
4.985304,-0.382225,-0.076670
4.963889,-0.599840,-0.120841
4.918958,-0.518596,-0.105428
4.980527,-0.440849,-0.088515
4.971197,-0.425448,-0.085583
4.985738,-0.377380,-0.075692
4.985738,-0.377380,-0.075692
4.985738,-0.377380,-0.075692
4.979705,-0.443674,-0.089096
4.974757,-0.501792,-0.100868
4.974757,-0.501792,-0.100868
4.974757,-0.501792,-0.100868
4.944092,-0.544307,-0.110092
4.966305,-0.579496,-0.116686
4.913342,-0.925896,-0.188445
4.913134,-0.927963,-0.188874
4.913134,-0.927963,-0.188874
4.987901,-0.121615,-0.024382
4.930810,-0.593846,-0.120436
4.869165,-1.136322,-0.233371
4.869165,-1.136322,-0.233371
4.869165,-1.136322,-0.233371
4.902894,-0.631118,-0.128724
4.483861,-1.666069,-0.371570
4.855044,-0.561627,-0.115679
4.950221,-0.703787,-0.142173
4.950221,-0.703787,-0.142173
4.906642,-0.891824,-0.181759
4.856677,-1.188566,-0.244728
4.856677,-1.188566,-0.244728
4.853913,-1.099492,-0.226517
4.947655,-0.721605,-0.145848
4.947655,-0.721605,-0.145848
4.900574,-0.854368,-0.174340
4.907044,-0.959646,-0.195565
4.804169,-1.305289,-0.271699
4.755485,-1.300830,-0.273543
4.880435,-1.086902,-0.222706
4.880435,-1.086902,-0.222706
4.855831,-1.162770,-0.239458
4.845407,-1.233709,-0.254614
4.845407,-1.233709,-0.254614
4.848011,-1.222227,-0.252109
4.848858,-1.220072,-0.251620
4.923584,-0.574286,-0.116640
4.976724,-0.481886,-0.096828
4.976724,-0.481886,-0.096828
4.539660,-1.402330,-0.308906
4.705831,-1.689720,-0.359069
4.777760,-1.469415,-0.307553
4.794882,-1.417427,-0.295612
4.717083,-1.584548,-0.335917
4.720653,-1.626783,-0.344610
4.735767,-1.603905,-0.338679
4.772465,-1.320531,-0.276698
4.936974,-0.788305,-0.159674
4.660152,-0.677458,-0.145372
4.991812,-0.286027,-0.057299
4.574864,1.010542,0.220890
2.508323,1.702759,0.678843
4.998054,-0.139474,-0.027906
4.998054,-0.139474,-0.027906
4.998054,-0.139474,-0.027906
4.626887,-0.043089,-0.009313
5.000000,0.000000,0.000000
4.823010,-0.816277,-0.169246
4.327188,-1.479893,-0.341999
4.656222,-1.619299,-0.347771
4.679492,-1.761349,-0.376397
2.682444,-1.331985,-0.496556
4.878199,-1.096895,-0.224857
4.855242,-1.003469,-0.206677
4.919610,-0.892995,-0.181517
4.919610,-0.892995,-0.181517
4.581938,0.224381,0.048971
4.968879,0.556990,0.112096
4.920905,0.883112,0.179461
4.919901,0.891389,0.181180
4.919901,0.891389,0.181180
4.684609,0.670077,0.143038
4.976575,-0.483430,-0.097141
4.367204,-0.768829,-0.176046
3.620022,-2.815671,-0.777805
2.866477,-2.105079,-0.734378
4.816929,-1.340594,-0.278309
4.775808,-1.391808,-0.291429
4.801072,-1.396322,-0.290835
4.529259,-1.419043,-0.313306
4.789885,-1.272100,-0.265580
4.982171,-0.421872,-0.084676
4.803971,-1.056345,-0.219890
4.884666,-1.067723,-0.218587
4.890405,-1.030253,-0.210668
4.913310,-0.927029,-0.188677
4.913310,-0.927029,-0.188677
4.913310,-0.927029,-0.188677
4.835694,-0.814090,-0.168350
4.940792,-0.767187,-0.155276
4.940792,-0.767187,-0.155276
4.874650,-0.637965,-0.130874
4.977034,-0.478683,-0.096178
4.977034,-0.478683,-0.096178
4.977034,-0.478683,-0.096178
4.977034,-0.478683,-0.096178
4.927763,-0.348708,-0.070764
4.996784,-0.179303,-0.035884
4.996784,-0.179303,-0.035884
4.996784,-0.179303,-0.035884
4.996784,-0.179303,-0.035884
4.955780,0.142129,0.028679
4.964382,0.595743,0.120003
4.964382,0.595743,0.120003
4.830739,0.545002,0.112820
4.986242,0.370661,0.074337
4.986242,0.370661,0.074337
4.986242,0.370661,0.074337
4.805875,0.454941,0.094664
4.968696,0.558622,0.112428
4.968696,0.558622,0.112428
4.968696,0.558622,0.112428
4.968696,0.558622,0.112428
4.996067,0.080616,0.016136
4.999546,0.067400,0.013481
4.999546,0.067400,0.013481
4.999546,0.067400,0.013481
4.999546,0.067400,0.013481
4.985718,0.069874,0.014015
4.998259,0.131943,0.026398
4.998259,0.131943,0.026398
4.998259,0.131943,0.026398
4.919846,0.030859,0.006272
4.992470,-0.274312,-0.054945
4.992470,-0.274312,-0.054945
4.992470,-0.274312,-0.054945
4.992470,-0.274312,-0.054945
4.942605,-0.215874,-0.043676
4.998353,0.128319,0.025672
4.998353,0.128319,0.025672
4.998353,0.128319,0.025672
4.983378,0.063065,0.012655
4.998199,-0.134175,-0.026845
4.998199,-0.134175,-0.026845
4.998199,-0.134175,-0.026845
4.966519,0.149068,0.030015
4.978220,0.217836,0.043758
4.994624,-0.231798,-0.046410
4.849236,-0.100714,-0.020769
4.950611,0.701035,0.141606
4.917222,0.243521,0.049524
4.996271,0.193075,0.038644
4.938997,0.188253,0.038116
4.997400,0.161210,0.032259
4.997400,0.161210,0.032259
4.990750,0.124779,0.025002
4.967348,-0.570486,-0.114847
4.967348,-0.570486,-0.114847
4.967348,-0.570486,-0.114847
4.967348,-0.570486,-0.114847
4.963200,-0.591312,-0.119139
4.964447,-0.595195,-0.119892
4.964447,-0.595195,-0.119892
4.942964,-0.645214,-0.130532
4.954626,-0.672073,-0.135646
4.954626,-0.672073,-0.135646
4.954626,-0.672073,-0.135646
4.903144,-0.731523,-0.149195
4.927357,-0.849210,-0.172346
4.927357,-0.849210,-0.172346
4.927357,-0.849210,-0.172346
4.908215,-0.827330,-0.168560
4.931394,-0.825445,-0.167386
4.931394,-0.825445,-0.167386
4.931394,-0.825445,-0.167386
4.937072,-0.731315,-0.148127
4.949615,-0.708030,-0.143047
4.949615,-0.708030,-0.143047
4.952430,-0.681478,-0.137605
4.958407,-0.643584,-0.129797
4.958407,-0.643584,-0.129797
4.837385,-0.592967,-0.122580
4.971457,-0.533495,-0.107311
4.971457,-0.533495,-0.107311
4.971457,-0.533495,-0.107311
4.849595,-1.181461,-0.243621
4.839994,-1.254773,-0.259251
4.888479,-0.950711,-0.194480
4.945393,-0.736942,-0.149016
4.945393,-0.736942,-0.149016
4.938466,-0.493396,-0.099909
5.000000,0.000000,0.000000
5.000000,0.000000,0.000000
5.000000,0.000000,0.000000
4.937153,0.000000,0.000000
5.000000,0.000000,0.000000
4.877091,0.000000,0.000000
5.000000,0.000000,0.000000
5.000000,0.000000,0.000000
5.000000,0.000000,0.000000
4.891239,-0.432775,-0.088480
4.962135,-0.614185,-0.123774
4.962135,-0.614185,-0.123774
4.961190,-0.548409,-0.110540
4.974274,-0.506550,-0.101834
4.974274,-0.506550,-0.101834
4.974274,-0.506550,-0.101834
4.974274,-0.506550,-0.101834
4.972733,0.159813,0.032138
4.993411,0.256605,0.051389
4.993411,0.256605,0.051389
4.988561,0.162730,0.032621
5.000000,0.000000,0.000000
5.000000,0.000000,0.000000
4.372912,1.437859,0.328810
4.705164,-0.814474,-0.173102
4.916199,-0.911586,-0.185425
4.916199,-0.911586,-0.185425
4.923360,-0.641512,-0.130300
4.993587,0.253158,0.050697
4.993587,0.253158,0.050697
4.993587,0.253158,0.050697
4.904769,0.461874,0.094168
4.900228,0.993867,0.202821
4.900228,0.993867,0.202821
4.778040,1.045318,0.218775
4.869413,1.135261,0.233141
4.877293,0.987310,0.202430
4.970421,0.543060,0.109258
4.970421,0.543060,0.109258
4.970421,0.543060,0.109258
4.865774,0.954165,0.196097
4.879662,1.090367,0.223451
4.789831,1.052940,0.219828
4.953370,0.681271,0.137537
4.939139,0.692088,0.140123
4.903506,0.977562,0.199360
4.903506,0.977562,0.199360
4.878521,0.986960,0.202307
4.900256,0.993727,0.202791
4.895074,1.014901,0.207331
4.872697,1.121078,0.230073
4.872274,1.112847,0.228404
4.935924,0.797909,0.161653
4.935924,0.797909,0.161653
4.933887,0.802517,0.162654
4.886433,1.059612,0.216848
4.886433,1.059612,0.216848
4.867548,1.084705,0.222844
4.866192,1.148988,0.236116
4.866192,1.148988,0.236116
4.820544,1.041938,0.216145
4.897435,1.007536,0.205727
4.897435,1.007536,0.205727
4.867579,0.533682,0.109640
4.978036,0.468140,0.094041
4.978036,0.468140,0.094041
4.896194,0.812737,0.165994
4.926141,0.856230,0.173813
4.952302,0.675520,0.136405
4.965533,0.586070,0.118028
4.915440,0.512149,0.104192
4.999206,-0.089127,-0.017828
4.999206,-0.089127,-0.017828
4.999206,-0.089127,-0.017828
4.999206,-0.089127,-0.017828
4.999206,-0.089127,-0.017828
4.671755,0.314794,0.067382
4.947965,0.719472,0.145408
4.685369,1.085507,0.231680
4.805619,1.380588,0.287286
4.799228,1.340008,0.279213
4.911919,0.934372,0.190225
4.911919,0.934372,0.190225
4.911919,0.934372,0.190225
4.866804,1.130843,0.232358
4.869851,1.133380,0.232734
4.869851,1.133380,0.232734
4.957646,0.646976,0.130501
4.958773,0.640758,0.129217
4.956267,0.638775,0.128882
4.969526,0.551189,0.110914
4.969526,0.551189,0.110914
4.969526,0.551189,0.110914
4.955892,0.364164,0.073481
4.994892,0.225953,0.045237
4.973513,0.373828,0.075164
4.959612,0.634230,0.127879
4.959612,0.634230,0.127879
4.951427,0.622064,0.125633
4.963745,0.601028,0.121084
4.963745,0.601028,0.121084
4.863414,0.640092,0.131614
4.936969,0.791413,0.160303
4.936969,0.791413,0.160303
4.663786,0.719457,0.154264
4.952815,0.685292,0.138364
4.952815,0.685292,0.138364
4.974123,0.504209,0.101366
4.952334,0.490150,0.098973
4.966245,0.580012,0.116791
4.966245,0.580012,0.116791
4.966245,0.580012,0.116791
4.935578,0.453032,0.091789
4.986337,0.369379,0.074078
4.849638,0.503788,0.103882
4.859378,1.177474,0.242310
4.596319,1.926524,0.419145
4.378775,0.790523,0.180535
4.992650,0.271014,0.054283
0.919575,1.291495,1.404446
4.897497,1.007233,0.205663
4.634524,1.187041,0.256130
4.801525,1.394762,0.290483
4.790215,1.384276,0.288980
4.899797,0.995987,0.203271
4.899797,0.995987,0.203271
4.906315,0.773342,0.157622
4.950831,0.636458,0.128556
4.954642,0.671955,0.135621
4.954642,0.671955,0.135621
4.949691,0.688792,0.139159
4.943336,0.750614,0.151844
4.943336,0.750614,0.151844
4.490597,0.387260,0.086238
4.995226,0.218449,0.043731
4.995226,0.218449,0.043731
4.995226,0.218449,0.043731
4.927562,0.235943,0.047882
4.985157,0.384985,0.077226
4.985157,0.384985,0.077226
4.985157,0.384985,0.077226
4.968540,0.376525,0.075782
4.983695,0.300380,0.060273
4.993152,-0.261604,-0.052393
4.993152,-0.261604,-0.052393
4.993152,-0.261604,-0.052393
4.859815,-0.040389,-0.008311
4.972969,0.519215,0.104407
4.972969,0.519215,0.104407
4.972969,0.519215,0.104407
4.972969,0.519215,0.104407
4.972969,0.519215,0.104407
4.929381,0.500289,0.101491
4.975725,0.492098,0.098900
4.975725,0.492098,0.098900
4.975725,0.492098,0.098900
4.939578,0.149200,0.030205
4.999321,0.082393,0.016481
4.999321,0.082393,0.016481
4.999321,0.082393,0.016481
4.999321,0.082393,0.016481
4.999321,0.082393,0.016481
4.937194,0.134285,0.027199
4.997752,0.149923,0.029998
4.997752,0.149923,0.029998
4.847024,-0.533956,-0.110162
4.791725,-1.428068,-0.298028
4.792739,-1.422007,-0.296700
4.824596,-1.312734,-0.272092
4.824596,-1.312734,-0.272092
4.819834,-1.326257,-0.275167
4.817696,-1.337837,-0.277692
4.831649,-1.085442,-0.224652
4.899194,-0.998946,-0.203900
4.899194,-0.998946,-0.203900
4.911135,-0.895877,-0.182417
4.951202,-0.696851,-0.140744
4.951202,-0.696851,-0.140744
4.968632,-0.499027,-0.100435
4.985918,-0.374993,-0.075210
4.985918,-0.374993,-0.075210
4.985918,-0.374993,-0.075210
4.904240,-0.705236,-0.143801
4.916054,-0.912363,-0.185589
4.916054,-0.912363,-0.185589
4.880969,-1.028313,-0.210678
4.892719,-1.030196,-0.210557
4.807937,-1.223992,-0.254577
4.680565,-1.758497,-0.375702
4.758015,-1.418275,-0.298081
4.945585,-0.735652,-0.148749
4.930850,-0.339550,-0.068862
4.180919,0.319896,0.076513
1.548626,0.000000,0.000000
3.250998,0.000000,0.000000
3.384151,-0.494794,-0.146209
4.959564,-0.634605,-0.127956
4.128997,-1.235895,-0.299321
4.708276,-1.682894,-0.357433
4.922574,-0.624300,-0.126824
4.980776,-0.438032,-0.087944
4.949011,-0.189479,-0.038286
4.736964,-1.194393,-0.252143
4.912119,-0.550414,-0.112052
4.983270,-0.408685,-0.082011
4.983270,-0.408685,-0.082011
4.465594,-0.481167,-0.107750
4.966005,-0.582056,-0.117208
4.966005,-0.582056,-0.117208
4.966005,-0.582056,-0.117208
4.917696,-0.890319,-0.181044
4.919067,-0.895977,-0.182144
4.919067,-0.895977,-0.182144
4.910641,-0.890957,-0.181434
4.844023,-0.817237,-0.168710
4.978055,-0.467943,-0.094001
4.978055,-0.467943,-0.094001
4.928697,-0.404134,-0.081996
4.998754,-0.111657,-0.022337
4.998754,-0.111657,-0.022337
4.998754,-0.111657,-0.022337
4.998754,-0.111657,-0.022337
4.702583,0.625190,0.132946
4.910970,0.939347,0.191275
4.037058,0.120825,0.029929
4.992856,-0.267190,-0.053514
3.051543,-0.987999,-0.323770
4.787290,-0.813318,-0.169891
4.965957,-0.582470,-0.117293
4.851695,-0.567760,-0.117023
4.949189,-0.559612,-0.113071
4.918636,-0.607389,-0.123487
4.971353,-0.534463,-0.107509
4.971353,-0.534463,-0.107509
4.918726,-0.701683,-0.142655
4.987686,-0.350707,-0.070315
4.891575,-0.984130,-0.201189
4.897759,-1.005958,-0.205391
4.838263,-0.989981,-0.204615
4.933057,-0.815446,-0.165302
4.933057,-0.815446,-0.165302
4.933057,-0.815446,-0.165302
4.925199,-0.818969,-0.166281
4.931948,-0.822124,-0.166693
4.921038,-0.755810,-0.153588
4.973330,-0.515742,-0.103702
4.973330,-0.515742,-0.103702
4.973330,-0.515742,-0.103702
4.813586,-0.671821,-0.139568
4.934136,-0.808885,-0.163937
4.927427,-0.806939,-0.163765
4.939354,-0.776389,-0.157184
4.939354,-0.776389,-0.157184
4.939354,-0.776389,-0.157184
4.872511,-1.110239,-0.227858
4.904968,-0.844260,-0.172123
4.998786,-0.110175,-0.022040
4.998786,-0.110175,-0.022040
4.998786,-0.110175,-0.022040
4.998786,-0.110175,-0.022040
4.941615,-0.529133,-0.107077
5.000000,0.000000,0.000000
4.996912,0.000000,0.000000
5.000000,0.000000,0.000000
5.000000,0.000000,0.000000
4.972568,-0.194397,-0.039094
4.914901,-0.918560,-0.186893
4.914901,-0.918560,-0.186893
4.914901,-0.918560,-0.186893
4.954165,-0.217428,-0.043888
4.995417,0.214030,0.042845
4.995417,0.214030,0.042845
4.995417,0.214030,0.042845
4.542786,-0.219558,-0.048331
4.962952,-0.552861,-0.111398
4.710486,-1.637769,-0.347686
4.879617,-0.569221,-0.116653
4.980115,0.181921,0.036530
4.979348,-0.453974,-0.091171
4.979348,-0.453974,-0.091171
4.979348,-0.453974,-0.091171
4.979348,-0.453974,-0.091171
4.885906,-0.461202,-0.094394
5.000000,0.000000,0.000000
4.880948,-0.807353,-0.165409
4.796546,-1.411788,-0.294334
4.796546,-1.411788,-0.294334
4.797514,-1.269071,-0.264527
5.000000,0.000000,0.000000
5.000000,0.000000,0.000000
5.000000,0.000000,0.000000
5.000000,0.000000,0.000000
4.966290,-0.057332,-0.011544
4.999268,-0.085570,-0.017117
4.999268,-0.085570,-0.017117
4.999268,-0.085570,-0.017117
4.999268,-0.085570,-0.017117
4.982946,-0.136744,-0.027442
4.998124,-0.136976,-0.027406
4.998124,-0.136976,-0.027406
4.918697,0.095135,0.019342
4.971251,0.535410,0.107701
4.971251,0.535410,0.107701
4.971251,0.535410,0.107701
4.956275,0.108943,0.021981
4.985265,-0.328016,-0.065797
4.973288,0.139586,0.028067
4.962119,0.614312,0.123800
4.982054,0.403912,0.081073
4.985915,0.375044,0.075221
4.958307,0.546488,0.110217
4.858774,1.179965,0.242852
4.853532,1.173869,0.241859
4.866916,1.145918,0.235450
4.866916,1.145918,0.235450
4.843970,1.175228,0.242617
4.859640,0.941156,0.193668
4.879050,0.691209,0.141669
4.922319,0.877938,0.178359
4.908760,0.517473,0.105418
5.000000,0.000000,0.000000
4.964205,0.518181,0.104383
4.956119,0.660976,0.133366
4.956119,0.660976,0.133366
4.735750,0.235392,0.049705
4.885822,0.233568,0.047805
4.980069,0.445998,0.089557
4.990597,0.279768,0.056059
4.996008,0.199764,0.039985
4.412719,0.147890,0.033514
4.998496,0.122654,0.024538
4.998496,0.122654,0.024538
4.998496,0.122654,0.024538
4.989663,0.049526,0.009926
5.000000,0.000000,0.000000
5.000000,0.000000,0.000000
4.999186,0.077011,0.015405
4.999077,0.096041,0.019212
4.999077,0.096041,0.019212
4.999077,0.096041,0.019212
4.999077,0.096041,0.019212
4.983247,0.331792,0.066581
4.975758,0.491767,0.098833
4.975758,0.491767,0.098833
4.975758,0.491767,0.098833
4.962724,0.596863,0.120269
4.959473,0.635316,0.128101
4.959473,0.635316,0.128101
4.970090,0.475764,0.095725
4.986867,0.362149,0.072621
4.887403,0.354057,0.072443
4.992135,0.280344,0.056157
3.830380,0.191924,0.050106
4.759536,0.000000,0.000000
5.000000,0.000000,0.000000
4.941812,0.116620,0.023599
4.989802,0.319176,0.063966
4.989802,0.319176,0.063966
4.982233,0.245028,0.049180
4.966011,0.238212,0.047968
4.981987,-0.046733,-0.009380
4.875582,0.436454,0.089518
4.915230,0.569961,0.115958
4.989956,0.275813,0.055274
4.997176,0.168011,0.033621
4.997176,0.168011,0.033621
4.884140,0.466692,0.095553
4.940613,-0.463487,-0.093812
4.965375,-0.366154,-0.073741
4.998655,0.115944,0.023195
4.998655,0.115944,0.023195
4.998655,0.115944,0.023195
4.989619,0.195406,0.039162
4.901271,0.988706,0.201724
4.901271,0.988706,0.201724
4.899432,0.926922,0.189190
4.964175,0.597466,0.120356
4.964175,0.597466,0.120356
4.964175,0.597466,0.120356
4.929399,0.834956,0.169383
4.928876,0.840343,0.170494
4.928903,0.839918,0.170407
4.929469,0.836858,0.169766
4.929469,0.836858,0.169766
4.911818,0.560118,0.114035
4.813927,-0.074547,-0.015486
4.997483,-0.158645,-0.031745
4.997483,-0.158645,-0.031745
4.905526,-0.843865,-0.172023
4.876018,-1.106549,-0.226937
4.487782,-0.777867,-0.173330
4.973589,-0.513232,-0.103192
4.841198,-0.843897,-0.174316
4.897240,-0.810585,-0.165519
4.991743,-0.287228,-0.057541
4.754096,-0.448746,-0.094391
4.957043,-0.654004,-0.131934
4.764909,-0.724811,-0.152114
4.872135,-1.054486,-0.216432
4.777339,-1.274621,-0.266806
4.976848,-0.480609,-0.096569
4.976848,-0.480609,-0.096569
4.976848,-0.480609,-0.096569
4.920340,-0.262247,-0.053298
5.000000,0.000000,0.000000
3.923486,-0.683246,-0.174143
4.599845,-0.986316,-0.214424
4.697762,-0.994590,-0.211716
4.923151,-0.735847,-0.149467
4.970801,-0.310985,-0.062562
4.665840,-1.227704,-0.263126
4.678044,-1.765193,-0.377336
4.730011,-0.996118,-0.210595
4.875243,-0.724316,-0.148570
4.881388,-0.958760,-0.196411
4.868449,-0.886316,-0.182053
4.884823,-1.067007,-0.218433
4.900723,-0.927019,-0.189160
4.966862,-0.574703,-0.115707
4.966862,-0.574703,-0.115707
4.966862,-0.574703,-0.115707
4.966862,-0.574703,-0.115707
4.951982,-0.500052,-0.100980
4.984481,-0.393631,-0.078971
4.984481,-0.393631,-0.078971
4.952016,-0.050455,-0.010189
4.692367,0.000000,0.000000
4.414182,-0.183323,-0.041530
4.982030,-0.423530,-0.085012
4.920209,-0.193131,-0.039253
3.397876,1.299984,0.382587
4.250694,-0.549548,-0.129284
4.996998,-0.173242,-0.034669
4.996998,-0.173242,-0.034669
4.737488,-0.103968,-0.021946
5.000000,0.000000,0.000000
5.000000,0.000000,0.000000
5.000000,0.000000,0.000000
4.990223,0.000000,0.000000
5.000000,0.000000,0.000000
4.969139,0.000000,0.000000
5.000000,0.000000,0.000000
4.997932,0.000000,0.000000
4.961399,-0.017787,-0.003585
4.993712,-0.250673,-0.050198
4.993712,-0.250673,-0.050198
4.993712,-0.250673,-0.050198
4.990855,-0.130196,-0.026087
5.000000,0.000000,0.000000
5.000000,0.000000,0.000000
4.991898,-0.065345,-0.013090
4.997570,-0.155877,-0.031190
4.997570,-0.155877,-0.031190
4.992828,-0.040508,-0.008113
4.984807,0.389489,0.078135
4.996476,0.028118,0.005627
5.000000,0.000000,0.000000
5.000000,0.000000,0.000000
5.000000,0.000000,0.000000
4.959114,-0.062835,-0.012671
4.998927,-0.103583,-0.020721
4.998927,-0.103583,-0.020721
4.998927,-0.103583,-0.020721
4.998927,-0.103583,-0.020721
4.973749,-0.472415,-0.094982
4.995631,-0.050418,-0.010092
5.000000,0.000000,0.000000
5.000000,0.000000,0.000000
4.999766,0.000000,0.000000
5.000000,0.000000,0.000000
5.000000,0.000000,0.000000
5.000000,0.000000,0.000000
5.000000,0.000000,0.000000
4.992513,-0.245125,-0.049099
4.939777,-0.254875,-0.051596
4.993534,0.000000,0.000000
5.000000,0.000000,0.000000
4.999664,0.000000,0.000000
4.997747,-0.003341,-0.000669
4.998845,-0.107466,-0.021498
4.998845,-0.107466,-0.021498
4.998845,-0.107466,-0.021498
4.998845,-0.107466,-0.021498
4.920726,0.088500,0.017985
4.002215,-0.041477,-0.010364
1.297911,-1.185202,-0.913160
2.469823,-2.894237,-1.171840
1.029755,3.065621,2.977037
2.629595,0.000000,0.000000
4.037943,-1.062060,-0.263020
1.081857,0.062059,0.057364
3.403766,0.491003,0.144253
1.171795,0.369056,0.314949
1.681036,0.116986,0.069592
3.241138,-0.639091,-0.197181
1.631097,-0.337954,-0.207194
1.022791,-0.618974,-0.605180
3.040341,0.530003,0.174323
2.843595,-1.311029,-0.461046
4.595834,0.000000,0.000000
0.691181,0.055095,0.079711
2.033055,-0.055095,-0.027099
1.612392,-0.862681,-0.535031
0.820271,-0.137319,-0.167407
1.889332,0.500000,0.264644
3.836560,-0.340784,-0.088825
4.960123,0.192982,0.038907
4.966458,0.578180,0.116417
4.514214,-1.333818,-0.295471
4.964537,-0.353339,-0.071173
4.975409,-0.312159,-0.062740
4.710393,-0.753458,-0.159957
4.860259,1.173834,0.241517
4.860259,1.173834,0.241517
4.890727,0.688981,0.140875
4.987042,0.359742,0.072135
4.985850,0.326005,0.065386
5.000000,0.000000,0.000000
5.000000,0.000000,0.000000
5.000000,0.000000,0.000000
5.000000,0.000000,0.000000
5.000000,0.000000,0.000000
4.998108,0.000000,0.000000
5.000000,0.000000,0.000000
4.964770,-0.258459,-0.052059
4.966562,-0.241541,-0.048633
5.000000,0.000000,0.000000
5.000000,0.000000,0.000000
4.883844,0.480733,0.098433
4.960951,0.581936,0.117303
4.948078,0.718697,0.145248
4.948078,0.718697,0.145248
4.895568,0.790351,0.161442
4.921906,0.880252,0.178844
4.921906,0.880252,0.178844
4.681643,0.249082,0.053204
4.808673,-0.165383,-0.034393
4.987980,-0.346492,-0.069465
4.987980,-0.346492,-0.069465
4.987980,-0.346492,-0.069465
4.991212,-0.108495,-0.021737
4.996063,0.198364,0.039704
4.996063,0.198364,0.039704
4.977468,-0.286010,-0.057461
4.970843,-0.483835,-0.097335
4.885881,-1.027520,-0.210304
4.879668,-1.087150,-0.222792
4.908832,-0.057211,-0.011655
4.921219,0.558350,0.113458
4.937819,-0.062384,-0.012634
4.989693,-0.320876,-0.064308
4.989693,-0.320876,-0.064308
4.989693,-0.320876,-0.064308
4.989693,-0.320876,-0.064308
4.861966,-0.478876,-0.098494
4.943510,0.749475,0.151608
4.943510,0.749475,0.151608
4.908132,0.828067,0.168713
4.920422,0.888507,0.180575
4.954198,0.667208,0.134675
4.965770,0.277787,0.055940
4.998250,-0.132308,-0.026471
4.998250,-0.132308,-0.026471
4.998250,-0.132308,-0.026471
4.797801,0.849836,0.177130
4.194913,0.111333,0.026540
5.000000,0.000000,0.000000
5.000000,0.000000,0.000000
4.972295,-0.295465,-0.059422
4.983941,-0.400415,-0.080341
4.959722,-0.483058,-0.097396
4.807078,-0.673298,-0.140064
4.961462,-0.619587,-0.124880
4.961462,-0.619587,-0.124880
4.961462,-0.619587,-0.124880
4.981765,0.013516,0.002713
4.991500,0.291414,0.058382
4.870892,1.111434,0.228179
4.870899,1.128868,0.231758
4.503944,0.808931,0.179605
4.987806,0.348985,0.069968
4.980102,0.369288,0.074153
4.986310,0.369755,0.074154
4.986310,0.369755,0.074154
4.976316,0.431327,0.086676
4.951916,0.691757,0.139695
4.951916,0.691757,0.139695
4.874923,0.993952,0.203891
4.808227,1.371478,0.285236
4.808227,1.371478,0.285236
4.870344,1.112964,0.228519
4.540944,1.390563,0.306228
4.741815,1.074951,0.226696
4.986506,0.367091,0.073617
4.986506,0.367091,0.073617
4.816401,1.302118,0.270351
4.800129,1.399556,0.291566
4.818204,1.050756,0.218080
4.955282,0.667221,0.134649
4.955282,0.667221,0.134649
4.672863,1.083119,0.231789
4.950474,-0.701999,-0.141804
4.945343,-0.726109,-0.146827
4.895929,-1.003555,-0.204977
4.823220,-1.317781,-0.273216
4.823220,-1.317781,-0.273216
4.404422,-2.018204,-0.458222
4.809064,-1.368540,-0.284575
4.908928,-0.941646,-0.191823
4.915629,-0.914655,-0.186071
4.921048,-0.370431,-0.075275
4.934881,0.804330,0.162989
4.898458,-0.297947,-0.060825
4.875395,-1.109289,-0.227528
4.875395,-1.109289,-0.227528
4.904661,-0.821779,-0.167551
4.960022,-0.631014,-0.127220
4.960022,-0.631014,-0.127220
4.971138,-0.517086,-0.104018
4.980783,-0.437952,-0.087928
4.912517,0.071919,0.014640
4.693347,1.024474,0.218282
5.000000,0.000000,0.000000
5.000000,0.000000,0.000000
4.856090,0.349108,0.071891
4.915567,0.914987,0.186141
4.915567,0.914987,0.186141
4.886347,0.103304,0.021141
4.997595,-0.155050,-0.031025
4.910887,-0.234058,-0.047661
4.964224,-0.597060,-0.120273
4.975019,-0.368103,-0.073990
4.997964,-0.142666,-0.028545
4.997964,-0.142666,-0.028545
4.997964,-0.142666,-0.028545
4.990325,-0.310769,-0.062274
4.990324,-0.310908,-0.062302
4.990324,-0.310908,-0.062302
4.990324,-0.310908,-0.062302
4.974122,-0.156624,-0.031488
5.000000,0.000000,0.000000
4.696297,-0.633329,-0.134857
4.902788,-0.981158,-0.200122
4.717219,-1.358846,-0.288061
4.765315,-1.513861,-0.317683
4.873126,-0.812806,-0.166794
5.000000,0.000000,0.000000
4.845137,-0.897534,-0.185244
4.722412,-1.642810,-0.347875
4.702097,-1.453329,-0.309081
4.842430,-1.245339,-0.257172
4.243692,-1.127764,-0.265751
4.892468,-1.031384,-0.210810
4.905361,-0.801840,-0.163462
4.877550,-0.821536,-0.168432
4.806014,-1.379214,-0.286977
4.642270,-1.599674,-0.344589
4.985087,-0.385886,-0.077408
4.985087,-0.385886,-0.077408
4.943760,-0.084122,-0.017016
4.987684,0.350731,0.070319
4.987684,0.350731,0.070319
4.760442,1.109765,0.233122
4.698555,1.709849,0.363909
4.465310,1.832535,0.410394
4.644320,1.852107,0.398790
4.752376,1.167459,0.245658
4.897423,1.007595,0.205740
4.671154,0.680338,0.145647
4.994024,0.244387,0.048936
2.060533,-0.254473,-0.123498
4.886648,-1.058620,-0.216635
4.823764,-0.952705,-0.197502
4.909120,-0.948967,-0.193307
4.919594,0.074961,0.015237
4.992475,0.274212,0.054925
3.521737,0.343321,0.097486
4.190741,0.387883,0.092557
4.986037,0.373410,0.074891
4.986037,0.373410,0.074891
4.928674,0.627046,0.127224
2.236829,0.555140,0.248182
4.985120,0.385453,0.077321
4.985120,0.385453,0.077321
4.988163,-0.172464,-0.034575
4.989031,-0.331009,-0.066347
4.989031,-0.331009,-0.066347
4.989031,-0.331009,-0.066347
4.518562,-0.397552,-0.087982
4.963834,-0.600289,-0.120933
4.963834,-0.600289,-0.120933
4.963834,-0.600289,-0.120933
4.913784,-0.820427,-0.166964
4.717803,-1.611265,-0.341529
4.625072,-1.899660,-0.410731
4.540414,-1.716987,-0.378156
4.755102,-1.545640,-0.325049
4.794643,-1.395022,-0.290954
4.865888,-1.150275,-0.236396
4.865888,-1.150275,-0.236396
4.919012,0.216596,0.044032
4.980652,0.439435,0.088228
4.980652,0.439435,0.088228
4.980652,0.439435,0.088228
4.963308,0.500980,0.100937
4.969187,0.554238,0.111535
4.969187,0.554238,0.111535
4.908062,0.729195,0.148571
4.504138,2.167922,0.481318
4.962137,0.614161,0.123769
4.962137,0.614161,0.123769
4.962137,0.614161,0.123769
4.975965,0.473397,0.095137
4.978831,0.459606,0.092312
4.978831,0.459606,0.092312
4.978831,0.459606,0.092312
4.910107,-0.371389,-0.075638
4.893520,-1.026383,-0.209743
4.893520,-1.026383,-0.209743
4.833749,-1.064927,-0.220311
4.882207,-1.078912,-0.220989
4.870026,-1.095071,-0.224859
4.618159,-0.934348,-0.202320
5.000000,0.000000,0.000000
5.000000,0.000000,0.000000
5.000000,0.000000,0.000000
4.996774,-0.062376,-0.012483
4.999487,-0.071597,-0.014321
4.999487,-0.071597,-0.014321
4.999487,-0.071597,-0.014321
4.999487,-0.071597,-0.014321
4.958653,0.225680,0.045512
4.904285,0.973644,0.198529
4.904285,0.973644,0.198529
4.904285,0.973644,0.198529
4.761083,1.362306,0.286134
4.797700,1.407863,0.293445
4.753425,1.473561,0.310000
4.876279,0.484800,0.099420
4.990835,-0.302605,-0.060632
4.990835,-0.302605,-0.060632
4.521137,-0.878148,-0.194232
4.837980,-1.262517,-0.260959
3.806369,-2.582400,-0.678442
4.073564,-2.439996,-0.598983
4.543104,-1.733661,-0.381603
4.754043,-1.508757,-0.317363
4.761111,0.774393,0.162650
4.816606,1.341756,0.278569
4.734092,1.303048,0.275248
4.853187,1.202736,0.247824
4.522872,-1.045915,-0.231250
4.880444,-0.749466,-0.153565
4.988363,-0.340927,-0.068345
4.988363,-0.340927,-0.068345
4.898712,-0.930919,-0.190033
4.859666,-0.921396,-0.189601
4.947770,-0.720814,-0.145685
4.731340,0.395052,0.083497
4.279154,-0.253809,-0.059313
4.302013,-1.341337,-0.311793
4.006007,-0.587167,-0.146572
3.430340,0.460973,0.134381
4.239439,0.722989,0.170539
4.775139,1.482581,0.310479
3.427431,-0.758782,-0.221385
0.731925,-1.414193,-1.932153
3.170128,-2.271465,-0.716521
4.717679,-1.599097,-0.338958
4.953925,0.677223,0.136704
4.711720,-0.071859,-0.015251
4.955341,-0.666779,-0.134558
4.949522,-0.637821,-0.128865
4.967096,-0.572676,-0.115294
4.967096,-0.572676,-0.115294
4.967096,-0.572676,-0.115294
4.949122,0.695249,0.140479
4.949606,0.708091,0.143060
4.890199,0.722797,0.147805
4.942510,0.756038,0.152966
4.942510,0.756038,0.152966
4.928460,0.736278,0.149393
4.963063,0.606631,0.122229
4.963063,0.606631,0.122229
4.963063,0.606631,0.122229
4.940268,0.099873,0.020216
5.000000,0.000000,0.000000
5.000000,0.000000,0.000000
4.870767,0.150438,0.030886
4.984223,0.396888,0.079629
4.978136,0.324438,0.065173
4.993572,-0.253460,-0.050757
4.993572,-0.253460,-0.050757
4.993572,-0.253460,-0.050757
4.883001,0.013583,0.002782
4.920063,-0.890494,-0.180992
4.920063,-0.890494,-0.180992
4.920063,-0.890494,-0.180992
4.960403,-0.469209,-0.094591
4.996316,-0.191896,-0.038408
4.996316,-0.191896,-0.038408
4.783087,-1.455240,-0.304247
4.819811,-1.025330,-0.212732
4.994818,-0.227591,-0.045565
4.994818,-0.227591,-0.045565
4.994818,-0.227591,-0.045565
4.994818,-0.227591,-0.045565
4.953413,-0.659026,-0.133045
4.953829,-0.677924,-0.136848
4.929046,-0.820536,-0.166470
4.929337,-0.837641,-0.169930
4.823237,-0.966447,-0.200373
4.731552,-0.232584,-0.049156
4.997132,0.169320,0.033884
4.997132,0.169320,0.033884
4.792517,1.077369,0.224802
4.794724,1.375019,0.286777
4.996278,0.192887,0.038606
4.996278,0.192887,0.038606
4.967533,-0.058619,-0.011800
4.985745,-0.377285,-0.075673
4.985745,-0.377285,-0.075673
4.980818,-0.099046,-0.019886
4.978068,-0.467805,-0.093973
4.978068,-0.467805,-0.093973
4.978068,-0.467805,-0.093973
4.978068,-0.467805,-0.093973
4.998108,-0.122717,-0.024553
4.998651,-0.116145,-0.023235
4.998651,-0.116145,-0.023235
4.998651,-0.116145,-0.023235
4.999382,-0.037592,-0.007519
5.000000,0.000000,0.000000
5.000000,0.000000,0.000000
5.000000,0.000000,0.000000
4.992901,-0.107543,-0.021539
4.974335,-0.505957,-0.101713
4.974335,-0.505957,-0.101713
4.974335,-0.505957,-0.101713
4.902924,-0.655434,-0.133682
4.905507,-0.537643,-0.109600
4.989897,0.317696,0.063668
4.989897,0.317696,0.063668
4.990161,0.253276,0.050755
4.992497,-0.273812,-0.054845
4.993044,-0.238390,-0.047744
4.997792,-0.148572,-0.029728
4.997792,-0.148572,-0.029728
4.997792,-0.148572,-0.029728
4.994812,-0.218339,-0.043713
4.994952,-0.224615,-0.044968
4.994952,-0.224615,-0.044968
4.994952,-0.224615,-0.044968
4.721716,-1.522080,-0.322357
4.720098,-1.649446,-0.349452
4.588302,-1.863464,-0.406134
4.935585,-0.797615,-0.161605
4.792850,-1.424283,-0.297168
4.907012,-0.951153,-0.193835
4.818875,-1.328454,-0.275677
4.818844,-1.333694,-0.276766
4.762717,-0.974314,-0.204571
4.959275,-0.608052,-0.122609
4.948052,-0.718874,-0.145284
4.948052,-0.718874,-0.145284
4.909715,-0.844220,-0.171949
4.781323,-1.296269,-0.271111
4.987615,-0.351702,-0.070515
4.987615,-0.351702,-0.070515
4.857983,0.078737,0.016208
4.968399,0.561265,0.112967
4.968399,0.561265,0.112967
4.968705,0.485630,0.097738
4.990033,-0.315545,-0.063235
4.990033,-0.315545,-0.063235
4.914878,-0.403629,-0.082124
4.905313,-0.734748,-0.149786
4.939461,-0.775709,-0.157043
4.939461,-0.775709,-0.157043
4.932253,-0.741476,-0.150332
4.951644,-0.693702,-0.140095
4.951644,-0.693702,-0.140095
4.956280,-0.223013,-0.044996
4.985725,-0.114933,-0.023052
4.997537,-0.156934,-0.031402
4.997537,-0.156934,-0.031402
4.910441,-0.476244,-0.096986
4.944725,-0.741414,-0.149940
4.944725,-0.741414,-0.149940
4.944725,-0.741414,-0.149940
4.842063,-1.187732,-0.245295
4.786819,-1.444423,-0.301750
4.755865,-1.459443,-0.306872
4.779528,-1.468372,-0.307221
4.786149,-1.445380,-0.301992
4.797710,-1.407827,-0.293437
4.773651,-1.485932,-0.311278
4.773060,-1.489260,-0.312014
4.937536,-0.382343,-0.077436
4.789602,0.000000,0.000000
5.000000,0.000000,0.000000
5.000000,0.000000,0.000000
5.000000,0.000000,0.000000
4.923221,0.329131,0.066853
4.926392,0.854791,0.173513
4.926392,0.854791,0.173513
4.752042,0.627877,0.132128
4.978632,0.461757,0.092748
4.978632,0.461757,0.092748
4.941060,0.028194,0.005706
4.988890,-0.333129,-0.066774
4.988890,-0.333129,-0.066774
4.988890,-0.333129,-0.066774
4.989209,-0.110614,-0.022171
4.990013,0.315868,0.063300
4.990013,0.315868,0.063300
4.784811,0.790666,0.165245
4.833955,1.277843,0.264347
4.805418,0.491457,0.102271
5.000000,0.000000,0.000000
4.906579,-0.561215,-0.114380
4.924506,-0.865584,-0.175771
4.924506,-0.865584,-0.175771
4.930694,-0.323033,-0.065515
4.993945,-0.246001,-0.049260
4.993945,-0.246001,-0.049260
4.978320,-0.056975,-0.011445
4.960847,0.624502,0.125886
4.960847,0.624502,0.125886
4.960847,0.624502,0.125886
4.951968,0.190358,0.038441
4.971181,-0.536060,-0.107833
4.971181,-0.536060,-0.107833
4.979979,-0.295774,-0.059393
4.998588,-0.118814,-0.023770
4.998588,-0.118814,-0.023770
4.924659,-0.072028,-0.014626
4.998903,0.104733,0.020951
4.998903,0.104733,0.020951
4.998903,0.104733,0.020951
4.762897,-0.000472,-0.000099
4.997277,-0.164980,-0.033014
4.997277,-0.164980,-0.033014
4.709728,-0.505686,-0.107371
5.000000,0.000000,0.000000
5.000000,0.000000,0.000000
4.191751,0.000000,0.000000
5.000000,0.000000,0.000000
4.997469,-0.037521,-0.007508
4.995430,-0.213714,-0.042782
4.995430,-0.213714,-0.042782
4.995430,-0.213714,-0.042782
4.995430,-0.213714,-0.042782
4.995689,-0.182373,-0.036506
4.997732,-0.150580,-0.030130
4.997732,-0.150580,-0.030130
4.990670,-0.238398,-0.047769
4.957599,-0.649780,-0.131067
4.957599,-0.649780,-0.131067
4.946291,-0.594888,-0.120270
4.981318,-0.431827,-0.086689
4.981318,-0.431827,-0.086689
4.981318,-0.431827,-0.086689
4.981318,-0.431827,-0.086689
3.854072,0.478178,0.124071
4.674378,-0.651469,-0.139370
4.993645,-0.252021,-0.050468
4.928205,-0.330838,-0.067132
4.981718,-0.427188,-0.085751
4.981718,-0.427188,-0.085751
4.959376,-0.293636,-0.059208
4.988008,0.346081,0.069383
4.988008,0.346081,0.069383
4.983551,0.050413,0.010116
4.997086,-0.170674,-0.034155
4.997086,-0.170674,-0.034155
4.926030,0.500866,0.101677
4.922956,0.874365,0.177610
4.922956,0.874365,0.177610
4.824219,0.640666,0.132802
4.997525,0.157289,0.031473
4.997525,0.157289,0.031473
4.976677,0.031653,0.006360
4.951164,-0.697118,-0.140799
4.944963,-0.559477,-0.113141
4.991308,0.294703,0.059043
4.946836,0.355411,0.071846
4.981302,0.432004,0.086725
4.981302,0.432004,0.086725
4.869198,0.533541,0.109575
4.911600,0.936050,0.190579
4.911600,0.936050,0.190579
4.911600,0.936050,0.190579
4.762881,0.952982,0.200085
4.905837,0.965799,0.196867
4.905837,0.965799,0.196867
4.787928,1.245320,0.260096
4.679907,1.473011,0.314752
4.781392,0.623864,0.130477
4.926094,-0.856502,-0.173870
4.962308,-0.590562,-0.119009
4.972239,-0.526159,-0.105819
4.869246,0.921764,0.189303
4.883139,1.074688,0.220081
4.849318,0.754297,0.155547
4.976860,-0.480488,-0.096544
4.976860,-0.480488,-0.096544
4.977727,-0.470044,-0.094429
4.987280,-0.356429,-0.071468
4.987280,-0.356429,-0.071468
4.987280,-0.356429,-0.071468
4.878665,-0.654827,-0.134223
4.945604,-0.145876,-0.029496
5.000000,0.000000,0.000000
5.000000,0.000000,0.000000
4.996054,0.000000,0.000000
5.000000,0.000000,0.000000
4.817101,-1.146670,-0.238042
4.959303,-0.392593,-0.079163
4.997125,-0.169532,-0.033926
4.997125,-0.169532,-0.033926
4.967680,-0.261818,-0.052704
4.972350,-0.259855,-0.052260
5.000000,0.000000,0.000000
4.938455,-0.157943,-0.031982
4.983580,-0.404886,-0.081244
3.334534,-0.337171,-0.101115
4.959699,0.373334,0.075274
4.887076,1.056640,0.216211
4.725756,1.117865,0.236547
4.861923,1.166920,0.240012
4.609409,1.580717,0.342933
4.342824,0.991323,0.228267
4.938284,0.783171,0.158592
4.930525,0.820506,0.166414
4.904193,0.974108,0.198628
4.797663,1.190111,0.248060
4.642916,1.855621,0.399667
4.583394,1.644416,0.358777
3.510687,1.552567,0.442240
4.107283,1.891080,0.460421
4.229492,2.266325,0.535838
4.475502,2.013364,0.449863
4.487065,1.616228,0.360197
4.476626,2.227065,0.497487
4.333413,2.261133,0.521790
4.441279,1.605611,0.361520
4.713593,1.459004,0.309531
4.775498,1.481424,0.310214
4.898639,0.929031,0.189651
4.740798,1.513924,0.319339
3.885870,1.756447,0.452009
4.848943,1.219733,0.251546
4.674548,1.458242,0.311954
4.518352,2.003363,0.443383
2.747666,2.051711,0.746710
4.970077,0.546199,0.109898
4.890276,0.936603,0.191523
4.803553,1.387760,0.288903
4.802499,1.388211,0.289060
4.794081,1.420135,0.296227
4.794081,1.420135,0.296227
4.864666,1.073341,0.220640
4.915066,0.917674,0.186706
4.945436,0.448957,0.090782
5.000000,0.000000,0.000000
5.000000,0.000000,0.000000
4.524323,1.705741,0.377016
4.589346,1.940426,0.422811
4.741964,1.585490,0.334353
4.703630,0.983259,0.209043
4.946307,0.730786,0.147744
4.946307,0.730786,0.147744
4.734921,1.317419,0.278235
4.525511,2.125971,0.469775
4.816155,1.274238,0.264576
4.880013,1.088791,0.223112
4.606919,1.033825,0.224407
4.944901,0.740236,0.149697
4.830834,0.744540,0.154122
4.942456,0.756393,0.153040
4.942456,0.756393,0.153040
4.906132,0.185705,0.037852
5.000000,0.000000,0.000000
5.000000,0.000000,0.000000
4.958055,0.247552,0.049929
4.940017,0.252448,0.051103
3.898388,0.000000,0.000000
5.000000,0.000000,0.000000
4.958086,0.000000,0.000000
2.923218,-0.259038,-0.088614
3.553479,-0.640962,-0.180376
4.069041,-0.201377,-0.049490
4.992987,-0.264730,-0.053020
4.406860,-2.147862,-0.487390
1.680037,2.580041,1.535703
2.600292,0.511122,0.196563
4.873490,-1.117629,-0.229328
4.794673,-0.926809,-0.193300
4.991512,-0.291218,-0.058343
4.801090,-1.118186,-0.232903
4.624861,-1.900173,-0.410860
3.586362,-0.265961,-0.074159
4.984862,0.388778,0.077992
4.576586,0.354003,0.077351
5.000000,0.000000,0.000000
5.000000,0.000000,0.000000
4.517498,2.021927,0.447577
4.367753,1.918277,0.439191
4.982631,0.416396,0.083570
4.712971,-1.318146,-0.279685
4.908549,-0.803044,-0.163601
4.946246,-0.731195,-0.147828
4.249345,-2.540719,-0.597908
4.415598,-2.295269,-0.519809
4.905274,-0.968259,-0.197391
4.671024,-1.118319,-0.239416
4.921554,0.882218,0.179256
3.223744,-2.003886,-0.621602
4.872198,1.123250,0.230543
4.918335,0.843800,0.171562
4.974585,0.503498,0.101214
4.946106,0.657801,0.132994
4.929704,0.835476,0.169478
4.913614,0.514066,0.104621
4.927149,-0.850411,-0.172597
4.927149,-0.850411,-0.172597
3.399330,3.417548,1.005359
4.702605,1.698679,0.361221
4.920000,0.669604,0.136098
4.890198,0.673793,0.137784
4.701941,0.929403,0.197664
3.955047,1.524142,0.385366
4.501241,2.176885,0.483619
4.772007,1.387744,0.290809
4.428341,1.379578,0.311534
4.671048,1.783622,0.381846
4.653878,1.690870,0.363325
3.448500,2.221125,0.644084
4.715070,1.663765,0.352861
4.147282,2.372610,0.572088
3.851463,1.857011,0.482157
4.120405,2.165882,0.525648
4.367263,2.358188,0.539969
4.815637,0.930524,0.193230
4.814657,-0.015216,-0.003160
4.845796,-1.232180,-0.254278
4.826623,-0.504716,-0.104569
4.997209,-0.167048,-0.033428
4.997209,-0.167048,-0.033428
4.577389,-0.500235,-0.109284
4.950518,-0.354752,-0.071659
3.951663,-0.573533,-0.145137
4.954193,-0.675256,-0.136300
4.954193,-0.675256,-0.136300
4.313534,-1.305189,-0.302580
4.243856,0.365319,0.086082
4.487395,1.767101,0.393792
2.869650,0.794235,0.276771
4.986926,-0.361340,-0.072458
4.986926,-0.361340,-0.072458
4.102638,0.428434,0.104429
4.987600,0.000000,0.000000
5.000000,0.000000,0.000000
5.000000,0.000000,0.000000
4.675161,-1.661974,-0.355490
4.617124,-1.617487,-0.350323
4.814126,-1.350625,-0.280554
4.541308,-1.530115,-0.336933
4.136588,-1.588183,-0.383935
4.718810,-1.653128,-0.350327
4.844210,-0.518612,-0.107058
4.990288,0.311489,0.062419
4.690163,-1.330756,-0.283733
4.776532,-1.029792,-0.215594
4.884720,0.216849,0.044393
3.244660,-0.942492,-0.290475
4.162702,-2.450398,-0.588655
4.822830,-1.319211,-0.273534
4.596303,-1.777621,-0.386750
3.475781,-2.298163,-0.661193
4.718894,-1.259097,-0.266820
4.940203,-0.770968,-0.156060
4.752128,-1.409998,-0.296709
4.789468,-1.435616,-0.299744
4.559399,-1.475144,-0.323539
4.768985,-1.502258,-0.315006
4.616054,-1.648241,-0.357067
4.838074,-1.204216,-0.248904
4.877431,-1.100302,-0.225590
4.465198,-1.120112,-0.250854
2.436692,-4.366066,-1.791800
0.977788,2.257302,2.308577
4.189159,-0.707356,-0.168854
4.714794,-1.617058,-0.342975
4.659499,-1.691860,-0.363099
4.656737,-1.820659,-0.390973
4.360759,-1.625547,-0.372767
4.910066,-0.944064,-0.192271
4.910066,-0.944064,-0.192271
4.910066,-0.944064,-0.192271
4.899571,-0.850477,-0.173582
4.984415,-0.394476,-0.079142
4.984415,-0.394476,-0.079142
4.987226,0.062627,0.012558
4.996013,0.199624,0.039957
4.960707,-0.135550,-0.027325
4.884909,-1.066614,-0.218349
4.884909,-1.066614,-0.218349
4.828376,-0.936377,-0.193932
4.960933,0.623813,0.125745
4.954848,0.662272,0.133661
4.969529,0.420954,0.084707
4.988860,0.333582,0.066865
4.988860,0.333582,0.066865
4.988860,0.333582,0.066865
4.990302,0.144154,0.028887
5.000000,0.000000,0.000000
5.000000,0.000000,0.000000
5.000000,0.000000,0.000000
4.893813,-0.878344,-0.179480
4.967674,-0.209796,-0.042232
4.999037,-0.098162,-0.019636
4.999037,-0.098162,-0.019636
4.999037,-0.098162,-0.019636
4.872148,0.227703,0.046736
4.993217,-0.260341,-0.052139
4.993217,-0.260341,-0.052139
4.938499,-0.423854,-0.085827
4.786768,-1.444595,-0.301789
4.848096,-0.980309,-0.202205
4.899414,-0.645631,-0.131777
4.919618,-0.892947,-0.181507
4.959064,-0.622582,-0.125544
4.966994,-0.573559,-0.115474
4.966994,-0.573559,-0.115474
4.966994,-0.573559,-0.115474
4.858933,-0.527457,-0.108554
4.974540,-0.503930,-0.101302
4.965489,0.239537,0.048240
4.964699,0.593098,0.119463
4.964699,0.593098,0.119463
4.964699,0.593098,0.119463
4.964699,0.593098,0.119463
4.973747,0.504358,0.101404
4.976858,0.480503,0.096547
4.976858,0.480503,0.096547
4.976858,0.480503,0.096547
4.971904,0.528722,0.106342
4.970936,0.538324,0.108294
4.970936,0.538324,0.108294
4.943207,0.471641,0.095412
4.989794,0.319309,0.063992
4.989794,0.319309,0.063992
4.907764,0.376728,0.076762
4.905536,0.202204,0.041220
4.979097,-0.456715,-0.091726
4.979097,-0.456715,-0.091726
4.979097,-0.456715,-0.091726
4.964078,-0.444625,-0.089568
5.000000,0.000000,0.000000
4.865252,-1.095136,-0.225093
4.845732,-0.840634,-0.173479
4.998404,-0.126324,-0.025273
4.998404,-0.126324,-0.025273
4.998404,-0.126324,-0.025273
4.870383,-0.282950,-0.058096
4.962879,-0.608139,-0.122538
4.936430,-0.433544,-0.087825
4.983849,-0.401554,-0.080571
4.983849,-0.401554,-0.080571
4.983849,-0.401554,-0.080571
4.793229,-0.355964,-0.074264
4.965082,0.022441,0.004520
4.987062,0.359452,0.072077
4.922945,-0.624006,-0.126755
4.954068,-0.676174,-0.136489
4.954068,-0.676174,-0.136489
4.964274,-0.585414,-0.117925
4.979762,-0.449411,-0.090248
4.979762,-0.449411,-0.090248
4.977404,-0.439601,-0.088319
4.982748,-0.414997,-0.083287
4.982748,-0.414997,-0.083287
4.962830,0.165326,0.033313
4.993850,0.247922,0.049645
4.932405,0.783705,0.158889
4.923390,0.871913,0.177096
4.127870,-1.312771,-0.318026
4.886937,-1.057283,-0.216349
4.886937,-1.057283,-0.216349
4.926420,-0.093236,-0.018926
4.230865,-0.964648,-0.228002
4.855208,-1.114444,-0.229536
4.900809,-0.951204,-0.194091
4.895469,-1.017049,-0.207753
4.895469,-1.017049,-0.207753
4.871287,-1.092684,-0.224311
4.830625,-1.290372,-0.267123
4.830625,-1.290372,-0.267123
4.932549,-0.462180,-0.093700
5.000000,0.000000,0.000000
5.000000,0.000000,0.000000
4.765561,-0.566719,-0.118920
4.930676,-0.829723,-0.168278
4.705253,-1.687934,-0.358734
4.705144,-1.691631,-0.359528
4.807868,-0.895576,-0.186273
4.824854,-1.311786,-0.271881
4.611250,-1.909332,-0.414059
4.316235,-1.407026,-0.325985
4.501303,-1.588660,-0.352933
4.846815,-1.228162,-0.253396
4.846815,-1.228162,-0.253396
4.878533,-0.955287,-0.195814
5.000000,0.000000,0.000000
4.982751,0.165870,0.033289
4.995883,0.202863,0.040606
4.798018,-1.146256,-0.238902
4.802303,-1.392080,-0.289877
4.757385,-1.409528,-0.296282
4.756182,-1.542313,-0.324275
4.667490,-1.679692,-0.359870
4.669521,-1.787616,-0.382826
4.852660,-1.193371,-0.245921
4.855878,-1.150323,-0.236893
4.867946,-1.141534,-0.234500
4.189509,-1.587883,-0.379014
4.654706,-0.427517,-0.091846
4.931170,0.089380,0.018126
4.922005,-0.183493,-0.037280
4.996473,-0.187761,-0.037579
4.920726,-0.028746,-0.005842
4.653054,-0.043266,-0.009298
4.544966,-1.919483,-0.422332
4.326358,-1.663391,-0.384478
4.921607,-0.881924,-0.179194
4.905007,-0.791935,-0.161454
4.909883,-0.892290,-0.181733
4.902188,-0.984152,-0.200758
4.902188,-0.984152,-0.200758
4.872843,-0.861081,-0.176710
4.949073,-0.711815,-0.143828
4.949073,-0.711815,-0.143828
4.801510,-1.106294,-0.230405
4.849924,-1.215830,-0.250691
4.849924,-1.215830,-0.250691
4.745460,-1.566841,-0.330177
4.661290,-1.790526,-0.384127
4.795824,-1.122453,-0.234048
4.878665,-1.094817,-0.224409
4.633173,-1.588832,-0.342925
3.878149,-2.017140,-0.520129
4.670494,-1.785072,-0.382202
4.424637,-2.167427,-0.489854
4.493020,-2.168500,-0.482637
4.729338,-1.622764,-0.343127
4.695443,-1.592574,-0.339174
4.751824,-1.555689,-0.327388
4.632298,-1.367591,-0.295229
4.918986,-0.840503,-0.170869
4.934087,-0.809189,-0.164000
4.897979,-0.725257,-0.148073
4.959952,-0.631566,-0.127333
4.959952,-0.631566,-0.127333
4.959952,-0.631566,-0.127333
4.959952,-0.631566,-0.127333
4.945004,-0.693280,-0.140198
4.950526,-0.701634,-0.141729
4.895620,-0.685200,-0.139962
4.864502,-0.333968,-0.068654
4.996912,0.175697,0.035161
4.996912,0.175697,0.035161
4.965602,-0.044422,-0.008946
4.993118,-0.262238,-0.052520
4.993118,-0.262238,-0.052520
4.993118,-0.262238,-0.052520
4.974032,-0.457646,-0.092007
4.972972,-0.236836,-0.047625
4.997863,-0.146172,-0.029247
4.997863,-0.146172,-0.029247
4.816384,-0.737429,-0.153108
4.707013,-1.564476,-0.332371
4.884824,-0.713087,-0.145980
4.958059,-0.646261,-0.130346
4.958059,-0.646261,-0.130346
4.965732,-0.583504,-0.117506
4.966975,-0.573723,-0.115508
4.966975,-0.573723,-0.115508
4.960459,-0.565017,-0.113904
4.968767,-0.557993,-0.112300
4.968767,-0.557993,-0.112300
4.921097,-0.873812,-0.177564
2.058095,-1.729874,-0.840522
3.844368,-2.687001,-0.698945
3.268033,-1.727043,-0.528465
4.901536,-0.987393,-0.201446
4.901536,-0.987393,-0.201446
4.870003,-1.108681,-0.227655
4.805674,-1.380399,-0.287244
4.823485,-1.308859,-0.271351
4.839964,-1.254888,-0.259276
4.827139,-1.278609,-0.264879
4.815291,-1.346467,-0.279623
4.798169,-1.396065,-0.290958
4.677651,-1.730145,-0.369875
4.751630,-1.556281,-0.327526
4.751630,-1.556281,-0.327526
4.925078,-0.806018,-0.163656
4.948405,-0.716442,-0.144782
4.948405,-0.716442,-0.144782
4.948405,-0.716442,-0.144782
4.968804,-0.551140,-0.110920
4.970319,-0.273582,-0.055043
4.994155,-0.241683,-0.048393
4.994155,-0.241683,-0.048393
4.994155,-0.241683,-0.048393
4.835065,-0.863208,-0.178531
4.883628,-1.072462,-0.219604
4.724581,-1.414829,-0.299461
4.751786,-1.441708,-0.303403
4.851637,-0.866128,-0.178523
4.972513,-0.523555,-0.105290
4.866718,-0.783721,-0.161037
4.957716,-0.648884,-0.130884
4.957716,-0.648884,-0.130884
4.957716,-0.648884,-0.130884
2.856418,-0.663001,-0.232109
4.827318,-1.057596,-0.219086
4.881742,-1.081014,-0.221440
4.285507,-0.531330,-0.123983
4.956118,-0.660978,-0.133366
4.698191,-1.045193,-0.222467
4.881999,-1.079853,-0.221191
4.874674,-1.104116,-0.226500
4.857654,-1.184567,-0.243856
4.857654,-1.184567,-0.243856
4.800719,-1.244146,-0.259158
4.573988,-1.027101,-0.224552
4.987415,-0.354520,-0.071083
4.987415,-0.354520,-0.071083
4.987415,-0.354520,-0.071083
4.848607,-0.278460,-0.057431
4.978392,0.464337,0.093270
4.978392,0.464337,0.093270
4.967142,0.324495,0.065328
4.990039,0.315454,0.063217
4.990039,0.315454,0.063217
4.993761,0.246265,0.049315
4.994912,0.225510,0.045148
2.714875,1.545913,0.569423
2.923405,-1.063063,-0.363639
4.602601,-1.327686,-0.288464
4.094676,-0.896710,-0.218994
4.880022,-0.754728,-0.154657
4.987063,-0.359449,-0.072076
4.987063,-0.359449,-0.072076
4.987063,-0.359449,-0.072076
4.987063,-0.359449,-0.072076
4.987063,-0.359449,-0.072076
4.998329,0.094727,0.018952
4.998965,0.101736,0.020351
4.998965,0.101736,0.020351
4.998965,0.101736,0.020351
4.996273,0.067623,0.013535
4.985168,-0.384844,-0.077198
4.985168,-0.384844,-0.077198
4.985168,-0.384844,-0.077198
4.985168,-0.384844,-0.077198
4.987121,-0.333642,-0.066901
5.000000,0.000000,0.000000
5.000000,0.000000,0.000000
5.000000,0.000000,0.000000
5.000000,0.000000,0.000000
4.990142,-0.129067,-0.025864
4.991518,-0.291113,-0.058322
4.991518,-0.291113,-0.058322
4.991518,-0.291113,-0.058322
4.991518,-0.291113,-0.058322
4.635510,-0.391405,-0.084436
4.959374,-0.636090,-0.128260
4.904112,-0.663667,-0.135329
4.910216,-0.943281,-0.192106
4.932621,-0.764736,-0.155036
4.965555,-0.585889,-0.117991
4.885711,-0.533524,-0.109201
4.998789,-0.110055,-0.022016
4.998789,-0.110055,-0.022016
4.998789,-0.110055,-0.022016
4.998789,-0.110055,-0.022016
4.830788,-0.159689,-0.033057
4.996093,-0.197615,-0.039554
4.996093,-0.197615,-0.039554
4.996093,-0.197615,-0.039554
4.996022,-0.197381,-0.039508
4.996797,-0.178953,-0.035814
4.996797,-0.178953,-0.035814
4.996797,-0.178953,-0.035814
4.996797,-0.178953,-0.035814
4.996797,-0.178953,-0.035814
4.983081,0.073452,0.014740
4.985811,0.363172,0.072841
4.996803,0.178779,0.035779
4.996803,0.178779,0.035779
4.996803,0.178779,0.035779
4.996803,0.178779,0.035779
4.902533,0.130123,0.026542
4.999347,-0.080812,-0.016164
4.999347,-0.080812,-0.016164
4.999347,-0.080812,-0.016164
4.999347,-0.080812,-0.016164
4.901485,-0.164210,-0.033502
4.981326,-0.431729,-0.086669
4.981326,-0.431729,-0.086669
4.981326,-0.431729,-0.086669
4.981326,-0.431729,-0.086669
4.929589,-0.418370,-0.084869
4.983191,-0.409652,-0.082207
4.983191,-0.409652,-0.082207
4.983191,-0.409652,-0.082207
4.983191,-0.409652,-0.082207
4.983191,-0.409652,-0.082207
4.977281,-0.465848,-0.093595
4.976429,-0.484931,-0.097446
4.976429,-0.484931,-0.097446
4.976429,-0.484931,-0.097446
4.976429,-0.484931,-0.097446
0.576667,0.445517,0.772570
3.968585,0.103082,0.025975
4.976250,-0.486767,-0.097818
4.976250,-0.486767,-0.097818
4.976250,-0.486767,-0.097818
4.968626,-0.345816,-0.069600
4.990047,-0.315324,-0.063191
4.990047,-0.315324,-0.063191
4.990047,-0.315324,-0.063191
4.990047,-0.315324,-0.063191
4.990047,-0.315324,-0.063191
4.960904,-0.491210,-0.099016
4.953247,-0.682165,-0.137721
4.953247,-0.682165,-0.137721
4.953247,-0.682165,-0.137721
4.953247,-0.682165,-0.137721
4.908498,-0.932754,-0.190028
4.883612,-1.072538,-0.219620
4.883612,-1.072538,-0.219620
4.937141,-0.783813,-0.158758
4.941170,-0.764747,-0.154770
4.941170,-0.764747,-0.154770
4.877687,-0.971214,-0.199114
4.894248,-1.022908,-0.209002
4.894248,-1.022908,-0.209002
4.894248,-1.022908,-0.209002
4.939657,-0.625835,-0.126696
4.914617,-0.920077,-0.187212
4.914617,-0.920077,-0.187212
4.916062,-0.905691,-0.184231
4.945169,-0.738446,-0.149327
4.945169,-0.738446,-0.149327
4.945169,-0.738446,-0.149327
4.930852,-0.726566,-0.147351
4.956208,-0.660306,-0.133228
4.956208,-0.660306,-0.133228
4.956208,-0.660306,-0.133228
4.956208,-0.660306,-0.133228
4.955622,-0.660051,-0.133192
4.967120,-0.572465,-0.115251
4.967120,-0.572465,-0.115251
4.967120,-0.572465,-0.115251
4.967120,-0.572465,-0.115251
4.967120,-0.572465,-0.115251
4.940072,-0.566324,-0.114639
4.970022,-0.546701,-0.110000
4.970022,-0.546701,-0.110000
4.970022,-0.546701,-0.110000
4.970022,-0.546701,-0.110000
4.970022,-0.546701,-0.110000
4.961554,-0.607031,-0.122347
4.962490,-0.611307,-0.123186
4.962490,-0.611307,-0.123186
4.962490,-0.611307,-0.123186
4.890578,-0.715292,-0.146259
4.863834,-1.158929,-0.238275
4.836126,-1.060062,-0.219197
4.903156,-0.979315,-0.199732
4.903156,-0.979315,-0.199732
4.900521,-0.962780,-0.196465
4.940508,-0.769013,-0.155655
4.940508,-0.769013,-0.155655
4.940508,-0.769013,-0.155655
4.943394,-0.749002,-0.151516
4.950198,-0.703948,-0.142206
4.950198,-0.703948,-0.142206
4.950198,-0.703948,-0.142206
4.950198,-0.703948,-0.142206
4.959151,-0.635487,-0.128144
4.964653,-0.593475,-0.119540
4.964653,-0.593475,-0.119540
4.964653,-0.593475,-0.119540
4.964653,-0.593475,-0.119540
4.965813,-0.568183,-0.114419
4.968656,-0.558982,-0.112502
4.968656,-0.558982,-0.112502
4.968656,-0.558982,-0.112502
4.968656,-0.558982,-0.112502
4.968656,-0.558982,-0.112502
4.976338,-0.471138,-0.094676
4.981991,-0.423995,-0.085105
4.981991,-0.423995,-0.085105
4.981991,-0.423995,-0.085105
4.981991,-0.423995,-0.085105
4.981991,-0.423995,-0.085105
4.981991,-0.423995,-0.085105
4.984391,-0.378784,-0.075994
4.986421,-0.368250,-0.073851
4.986421,-0.368250,-0.073851
4.986421,-0.368250,-0.073851
4.986421,-0.368250,-0.073851
4.986421,-0.368250,-0.073851
4.986915,-0.358842,-0.071957
4.988683,-0.336219,-0.067396
4.988683,-0.336219,-0.067396
4.988683,-0.336219,-0.067396
4.988683,-0.336219,-0.067396
4.988683,-0.336219,-0.067396
4.965666,-0.380959,-0.076719
4.983502,-0.405836,-0.081436
4.983502,-0.405836,-0.081436
4.983502,-0.405836,-0.081436
4.983502,-0.405836,-0.081436
4.983502,-0.405836,-0.081436
4.959224,-0.621760,-0.125374
4.950467,-0.702052,-0.141815
4.950467,-0.702052,-0.141815
4.950467,-0.702052,-0.141815
4.937767,-0.482358,-0.097687
4.988779,-0.334788,-0.067108
4.988779,-0.334788,-0.067108
4.988779,-0.334788,-0.067108
4.988779,-0.334788,-0.067108
4.988779,-0.334788,-0.067108
4.988779,-0.334788,-0.067108
4.990409,-0.296401,-0.059394
4.993974,-0.245407,-0.049141
4.993974,-0.245407,-0.049141
4.993974,-0.245407,-0.049141
4.993974,-0.245407,-0.049141
4.993974,-0.245407,-0.049141
4.988099,-0.227039,-0.045516
4.995155,-0.220060,-0.044055
4.995155,-0.220060,-0.044055
4.995155,-0.220060,-0.044055
4.975850,-0.311932,-0.062689
4.946543,-0.729187,-0.147413
4.946543,-0.729187,-0.147413
4.946543,-0.729187,-0.147413
4.946543,-0.729187,-0.147413
4.936285,-0.766535,-0.155286
4.935369,-0.801326,-0.162364
4.935369,-0.801326,-0.162364
4.935285,-0.800706,-0.162241
4.939580,-0.774951,-0.156886
4.939580,-0.774951,-0.156886
4.939580,-0.774951,-0.156886
4.939580,-0.774951,-0.156886
4.939578,-0.707148,-0.143160
4.955127,-0.668366,-0.134884
4.955127,-0.668366,-0.134884
4.954101,-0.648483,-0.130898
4.994737,-0.229354,-0.045919
4.994737,-0.229354,-0.045919
4.994737,-0.229354,-0.045919
4.994737,-0.229354,-0.045919
4.905259,-0.581026,-0.118450
4.944550,-0.742579,-0.150181
4.944550,-0.742579,-0.150181
4.944550,-0.742579,-0.150181
4.934842,-0.739172,-0.149786
4.946651,-0.728458,-0.147263
4.919311,-0.715220,-0.145390
4.956810,-0.655767,-0.132296
4.952424,-0.676876,-0.136676
4.876817,-1.103022,-0.226177
4.876817,-1.103022,-0.226177
4.876817,-1.103022,-0.226177
4.871390,-1.041831,-0.213867
4.951905,-0.691836,-0.139711
4.953588,-0.674759,-0.136216
4.955236,-0.667558,-0.134718
4.955236,-0.667558,-0.134718
4.935503,-0.662152,-0.134161
4.956082,-0.661251,-0.133422
4.956082,-0.661251,-0.133422
4.956082,-0.661251,-0.133422
4.956082,-0.661251,-0.133422
4.913836,-0.779377,-0.158609
4.931240,-0.826363,-0.167577
4.931240,-0.826363,-0.167577
4.931240,-0.826363,-0.167577
4.930069,-0.804310,-0.163144
4.937249,-0.789671,-0.159941
4.937249,-0.789671,-0.159941
4.937551,-0.785828,-0.159153
4.947875,-0.720098,-0.145537
4.947875,-0.720098,-0.145537
4.947875,-0.720098,-0.145537
4.947875,-0.720098,-0.145537
4.952181,-0.640621,-0.129361
4.976724,-0.481893,-0.096829
4.976724,-0.481893,-0.096829
4.976724,-0.481893,-0.096829
4.976724,-0.481893,-0.096829
4.976724,-0.481893,-0.096829
4.976253,-0.482839,-0.097029
4.976433,-0.484887,-0.097437
4.976433,-0.484887,-0.097437
4.976433,-0.484887,-0.097437
4.976433,-0.484887,-0.097437
4.976433,-0.484887,-0.097437
4.981048,-0.426415,-0.085608
4.990361,-0.310319,-0.062184
4.990361,-0.310319,-0.062184
4.990361,-0.310319,-0.062184
4.990361,-0.310319,-0.062184
4.990361,-0.310319,-0.062184
4.888460,-0.293584,-0.060057
4.994639,-0.231464,-0.046342
4.994639,-0.231464,-0.046342
4.994639,-0.231464,-0.046342
4.994639,-0.231464,-0.046342
4.994639,-0.231464,-0.046342
4.736831,-0.084905,-0.017924
4.955781,0.663505,0.133885
3.572847,-0.265975,-0.074443
2.803084,0.320149,0.114213
4.973872,-0.426333,-0.085715
1.271369,-0.400000,-0.314621
3.597795,0.506258,0.140713
4.549499,0.393742,0.086546
4.039324,0.000000,0.000000
3.464607,0.147820,0.042666
4.995574,0.210327,0.042103
3.157713,-0.213293,-0.067547
4.774264,-1.063731,-0.222805
4.979943,-0.447402,-0.089841
4.979943,-0.447402,-0.089841
4.979943,-0.447402,-0.089841
4.979943,-0.447402,-0.089841
4.954065,-0.311449,-0.062867
4.995601,-0.209698,-0.041977
4.995601,-0.209698,-0.041977
4.995601,-0.209698,-0.041977
4.995601,-0.209698,-0.041977
4.995601,-0.209698,-0.041977
4.995601,-0.209698,-0.041977
4.988900,-0.261844,-0.052485
4.992817,-0.267917,-0.053661
4.992817,-0.267917,-0.053661
4.992817,-0.267917,-0.053661
4.992817,-0.267917,-0.053661
4.992817,-0.267917,-0.053661
4.992817,-0.267917,-0.053661
4.962956,-0.516914,-0.104154
4.966521,-0.577637,-0.116306
4.966521,-0.577637,-0.116306
4.966521,-0.577637,-0.116306
4.966521,-0.577637,-0.116306
4.954785,-0.637287,-0.128621
4.957074,-0.653771,-0.131886
4.844685,-0.611063,-0.126131
4.967809,-0.566454,-0.114025
4.921269,-0.583514,-0.118570
4.965612,-0.585404,-0.117892
4.897169,-0.612441,-0.125060
4.959058,-0.638546,-0.128764
4.955201,-0.611534,-0.123413
4.962664,-0.609893,-0.122896
4.962664,-0.609893,-0.122896
4.962664,-0.609893,-0.122896
4.958603,-0.616177,-0.124264
4.958436,-0.643361,-0.129751
4.958436,-0.643361,-0.129751
4.944140,-0.688927,-0.139342
4.929336,-0.837643,-0.169930
4.929336,-0.837643,-0.169930
4.929336,-0.837643,-0.169930
4.933756,-0.803173,-0.162791
4.958708,-0.641261,-0.129320
4.958708,-0.641261,-0.129320
4.958708,-0.641261,-0.129320
4.958708,-0.641261,-0.129320
4.957610,-0.644307,-0.129963
4.944215,-0.744808,-0.150642
4.944215,-0.744808,-0.150642
4.944215,-0.744808,-0.150642
4.944215,-0.744808,-0.150642
4.882103,-0.811145,-0.166147
4.920581,-0.887629,-0.180391
4.920581,-0.887629,-0.180391
4.922285,-0.870768,-0.176903
4.935229,-0.802193,-0.162544
4.935229,-0.802193,-0.162544
4.935229,-0.802193,-0.162544
4.935229,-0.802193,-0.162544
4.929862,-0.681283,-0.138195
4.970805,-0.539535,-0.108541
4.970805,-0.539535,-0.108541
4.970805,-0.539535,-0.108541
4.309735,-0.645665,-0.149815
4.131269,-0.653912,-0.158283
4.961549,-0.618900,-0.124739
4.961549,-0.618900,-0.124739
4.961549,-0.618900,-0.124739
4.961549,-0.618900,-0.124739
4.952491,-0.337121,-0.068071
4.994205,-0.240647,-0.048185
4.994205,-0.240647,-0.048185
4.994205,-0.240647,-0.048185
4.994205,-0.240647,-0.048185
4.994205,-0.240647,-0.048185
4.939977,0.117675,0.023821
4.997874,0.145773,0.029167
4.983239,0.187694,0.037665
4.985956,0.374484,0.075108
4.985956,0.374484,0.075108
4.985956,0.374484,0.075108
3.745960,0.451584,0.120552
4.336058,0.679754,0.156768
2.636115,-0.823429,-0.312364
4.468048,-1.000000,-0.223811
5.000000,0.000000,0.000000
4.731081,0.046244,0.009775
4.999286,0.084475,0.016897
4.999286,0.084475,0.016897
4.999286,0.084475,0.016897
4.999286,0.084475,0.016897
4.999286,0.084475,0.016897
4.962922,0.430802,0.086804
4.965872,-0.379761,-0.076474
4.967329,-0.570657,-0.114882
4.967329,-0.570657,-0.114882
4.967329,-0.570657,-0.114882
4.967329,-0.570657,-0.114882
4.930679,-0.296976,-0.060230
4.995567,-0.210488,-0.042135
4.995567,-0.210488,-0.042135
4.995567,-0.210488,-0.042135
4.995567,-0.210488,-0.042135
4.995567,-0.210488,-0.042135
4.995567,-0.210488,-0.042135
4.970854,0.168914,0.033981
4.984896,0.388348,0.077905
4.984896,0.388348,0.077905
4.984896,0.388348,0.077905
4.984896,0.388348,0.077905
4.984896,0.388348,0.077905
4.983929,0.383978,0.077043
4.986582,0.366060,0.073409
4.986582,0.366060,0.073409
4.986582,0.366060,0.073409
4.986582,0.366060,0.073409
4.986213,0.367349,0.073673
4.964463,0.595072,0.119866
4.964463,0.595072,0.119866
4.964463,0.595072,0.119866
4.964463,0.595072,0.119866
4.963791,0.572833,0.115402
4.981740,0.426932,0.085699
4.981740,0.426932,0.085699
4.981740,0.426932,0.085699
4.981740,0.426932,0.085699
4.835133,-0.868880,-0.179701
4.851577,-1.184509,-0.244149
4.891020,-1.038231,-0.212273
4.891020,-1.038231,-0.212273
4.874964,-1.096894,-0.225005
4.876230,-1.105613,-0.226735
4.828140,-1.003827,-0.207912
4.934848,-0.804534,-0.163031
4.934848,-0.804534,-0.163031
4.934848,-0.804534,-0.163031
4.936502,-0.750172,-0.151964
4.989798,-0.319244,-0.063979
4.989798,-0.319244,-0.063979
4.989798,-0.319244,-0.063979
4.989798,-0.319244,-0.063979
4.989798,-0.319244,-0.063979
4.990163,-0.305807,-0.061282
4.994451,-0.235503,-0.047153
4.994451,-0.235503,-0.047153
4.994451,-0.235503,-0.047153
4.994451,-0.235503,-0.047153
4.994451,-0.235503,-0.047153
4.994451,-0.235503,-0.047153
4.978697,-0.305694,-0.061400
4.989477,-0.324227,-0.064982
4.982477,-0.338615,-0.067961
4.837130,-1.265769,-0.261678
4.791831,-1.239636,-0.258698
4.889251,-1.046529,-0.214047
4.889251,-1.046529,-0.214047
4.889251,-1.046529,-0.214047
4.890974,-0.808218,-0.165247
4.939929,-0.772723,-0.156424
4.939929,-0.772723,-0.156424
4.918640,-0.744901,-0.151444
4.971215,-0.535744,-0.107769
4.971215,-0.535744,-0.107769
4.971215,-0.535744,-0.107769
4.971215,-0.535744,-0.107769
4.971215,-0.535744,-0.107769
4.971215,-0.535744,-0.107769
4.968309,-0.555013,-0.111711
4.969006,-0.555863,-0.111866
4.969006,-0.555863,-0.111866
4.969006,-0.555863,-0.111866
4.877635,-0.530655,-0.108793
4.974828,-0.501090,-0.100725
4.974828,-0.501090,-0.100725
4.979865,-0.443828,-0.089124
4.982735,-0.415152,-0.083318
4.982735,-0.415152,-0.083318
4.869021,-0.398095,-0.081761
4.987228,-0.357148,-0.071613
4.861024,-0.353288,-0.072678
4.771924,-0.184539,-0.038672
5.000000,0.000000,0.000000
4.969904,-0.179663,-0.036150
4.996681,-0.182159,-0.036456
4.962288,-0.138178,-0.027846
5.000000,0.000000,0.000000
4.950899,0.192927,0.038968
4.988611,0.337283,0.067611
4.988611,0.337283,0.067611
4.988611,0.337283,0.067611
4.989270,0.325105,0.065161
4.994255,0.239622,0.047980
4.994255,0.239622,0.047980
4.994255,0.239622,0.047980
4.994255,0.239622,0.047980
4.994255,0.239622,0.047980
4.992766,0.248665,0.049805
4.992614,0.271669,0.054414
4.992614,0.271669,0.054414
4.992614,0.271669,0.054414
4.992614,0.271669,0.054414
4.992294,0.236666,0.047406
5.000000,0.000000,0.000000
5.000000,0.000000,0.000000
4.996203,0.027256,0.005455
4.978910,0.458756,0.092140
4.978910,0.458756,0.092140
4.993756,0.234753,0.047009
4.995832,0.204093,0.040853
4.996232,0.116386,0.023295
5.000000,0.000000,0.000000
5.000000,0.000000,0.000000
5.000000,0.000000,0.000000
5.000000,0.000000,0.000000
5.000000,0.000000,0.000000
4.985378,0.000000,0.000000
5.000000,0.000000,0.000000
5.000000,0.000000,0.000000
5.000000,0.000000,0.000000
5.000000,0.000000,0.000000
5.000000,0.000000,0.000000
4.861044,-0.177023,-0.036417
4.994084,-0.243160,-0.048690
4.865650,-0.935497,-0.192266
