pasada,pattern_file,fix_type,idx_ini,idx_fin,dz_median_diff_m,max_abs_slope_before
1,1_pattern.gpx,STEP,95,97,13.0,0.5005489315164496
1,1_pattern.gpx,SPIKE,137,138,32.099999999999994,0.3328303397609087
1,1_pattern.gpx,STEP,149,151,25.900000000000006,0.3416990923211782
1,1_pattern.gpx,STEP,333,337,14.5,0.3540698643664734
1,1_pattern.gpx,STEP,365,367,-7.600000000000023,0.3593071706707067
1,1_pattern.gpx,STEP,418,420,13.600000000000023,0.25054975947164704
1,1_pattern.gpx,STEP,443,448,43.200000000000045,0.3412386942634773
1,1_pattern.gpx,STEP,453,456,23.00740757468793,0.23528221671319818
1,1_pattern.gpx,SPIKE,459,460,12.58309627357653,0.20895672422762424
1,1_pattern.gpx,STEP,489,492,-45.0,0.28317974974035887
1,1_pattern.gpx,STEP,538,540,-44.60000000000002,0.3063908757699129
1,1_pattern.gpx,STEP,546,551,-33.06896438087995,0.6686129000531953
1,1_pattern.gpx,SPIKE,560,561,-22.305805184366193,0.4663185739765994
1,1_pattern.gpx,SPIKE,567,568,-31.298136790852595,0.2624386498038548
1,1_pattern.gpx,STEP,572,575,-41.0,0.3328248236297688
1,1_pattern.gpx,STEP,589,593,-11.716951989108225,0.5734580906736534
1,1_pattern.gpx,SPIKE,597,598,-14.032090816745665,0.5097405250336866
1,1_pattern.gpx,STEP,603,608,-20.05402373250149,0.6159999369412438
1,1_pattern.gpx,STEP,610,615,-15.978438847147231,0.599761715927058
1,1_pattern.gpx,SPIKE,623,624,-13.812823593865176,0.2317128880297472
1,1_pattern.gpx,STEP,631,633,-11.733380424380641,0.3881785276576137
1,1_pattern.gpx,STEP,653,655,-10.600000000000023,0.32281491975924864
1,1_pattern.gpx,STEP,660,664,-15.19418145314097,0.6996852039477632
1,1_pattern.gpx,SPIKE,666,667,-11.060125720200517,0.24368304395394821
1,1_pattern.gpx,STEP,670,673,-13.564059976367446,0.34916198531315557
1,1_pattern.gpx,SPIKE,697,698,-12.400000000000034,0.40789657893343506
1,1_pattern.gpx,SPIKE,700,701,-13.599999999999966,0.301123491441757
1,1_pattern.gpx,SPIKE,708,709,-13.704447536454495,0.24024353802704926
1,1_pattern.gpx,STEP,718,722,-11.300000000000011,0.3434872974922954
1,1_pattern.gpx,SPIKE,736,737,-18.80991177755493,0.27281054863906473
1,1_pattern.gpx,STEP,740,742,-21.655744605450764,0.28952708734712246
1,1_pattern.gpx,STEP,744,749,-23.92275204718385,0.43451479901630724
1,1_pattern.gpx,STEP,751,753,-18.41582908029278,0.24598922220350078
1,1_pattern.gpx,STEP,759,762,-19.70293510077431,0.3206250332985251
1,1_pattern.gpx,STEP,764,768,-23.09362821665536,0.306536889180254
1,1_pattern.gpx,SPIKE,771,772,-20.491126821794637,0.44020023456859764
1,1_pattern.gpx,SPIKE,780,781,-24.116059252232844,0.3734584172899981
1,1_pattern.gpx,STEP,783,785,-24.465081566186086,0.2898404380377979
1,1_pattern.gpx,SPIKE,992,993,-11.300000000000011,0.3514720359903624
1,1_pattern.gpx,SPIKE,1002,1003,-8.800000000000011,0.38236712549693025
1,1_pattern.gpx,SPIKE,1010,1011,-14.410802217742429,0.3051500558546622
1,1_pattern.gpx,SPIKE,1019,1020,-11.014771482419206,0.3647339441720911
1,1_pattern.gpx,SPIKE,1022,1023,-11.599999999999994,0.3010504243023562
1,1_pattern.gpx,SPIKE,1025,1026,-15.299999999999983,0.2246664383403843
12,12_pattern.gpx,SPIKE,353,354,-0.4000000000000057,0.28562632671920374
12,12_pattern.gpx,SPIKE,418,419,4.100000000000023,0.24726229180038223
12,12_pattern.gpx,SPIKE,438,439,5.0,0.2402631916806996
13,13_pattern.gpx,SPIKE,278,279,-5.5,0.23988510053170115
13,13_pattern.gpx,SPIKE,298,299,-6.300000000000011,0.2470127818602453
13,13_pattern.gpx,SPIKE,363,364,0.4000000000000057,0.2853877525785803
14,14_pattern.gpx,STEP,95,97,-21.30000000000001,0.22747076212490175
14,14_pattern.gpx,SPIKE,167,168,17.0,0.21728087528917506
14,14_pattern.gpx,SPIKE,211,212,5.0,0.26874738564202805
14,14_pattern.gpx,SPIKE,236,237,-5.5,0.2847844974532435
14,14_pattern.gpx,STEP,279,281,-9.699999999999989,0.2877954994280838
14,14_pattern.gpx,STEP,287,292,-9.249017038087914,0.5642027739374953
14,14_pattern.gpx,STEP,305,307,-15.943057031125335,0.34192886361872943
14,14_pattern.gpx,SPIKE,310,311,-13.478524480542461,0.28892057459119463
14,14_pattern.gpx,STEP,357,361,15.300000000000011,0.3728610090543443
14,14_pattern.gpx,STEP,379,382,19.799999999999983,0.37812302487301497
14,14_pattern.gpx,SPIKE,389,390,11.594274485175475,0.2799591508754009
14,14_pattern.gpx,SPIKE,401,402,-12.299999999999983,0.32838485380066695
14,14_pattern.gpx,SPIKE,411,412,-16.30000000000001,0.468280164937461
14,14_pattern.gpx,SPIKE,420,421,-18.504535335463828,0.28624398429291154
14,14_pattern.gpx,STEP,426,430,-17.599999999999994,0.29917360010510136
14,14_pattern.gpx,STEP,441,444,9.42831502967556,0.3507484677278134
14,14_pattern.gpx,STEP,454,457,32.685143246387554,0.38834773822651447
15,15_pattern.gpx,STEP,40,44,26.100000000000023,0.47408808256246815
15,15_pattern.gpx,SPIKE,46,47,11.321838098968328,0.35809114063952086
15,15_pattern.gpx,STEP,49,52,11.590080706194158,0.8503704263907256
15,15_pattern.gpx,SPIKE,54,55,9.81166290041699,0.7224424837626068
15,15_pattern.gpx,STEP,57,60,11.289155310263027,0.35692235606462297
15,15_pattern.gpx,SPIKE,64,65,13.059112728743457,0.4013681257272394
15,15_pattern.gpx,STEP,68,76,25.650211021576297,0.44511441868955043
15,15_pattern.gpx,SPIKE,78,79,23.890440147680238,0.380096978631572
15,15_pattern.gpx,STEP,82,88,37.91550180075819,0.3885805083600054
15,15_pattern.gpx,STEP,90,93,37.54949751916536,0.39533488026799024
15,15_pattern.gpx,STEP,96,98,33.84066631154769,0.4142533533380634
15,15_pattern.gpx,SPIKE,102,103,36.309606921458226,0.35823673934597766
15,15_pattern.gpx,STEP,109,111,36.9972812483511,0.37223820214290526
15,15_pattern.gpx,SPIKE,114,115,37.21063924109308,0.2638617413343248
15,15_pattern.gpx,SPIKE,119,120,38.21732328038809,0.2613759961652274
15,15_pattern.gpx,SPIKE,146,147,20.399999999999977,0.22869768443724164
15,15_pattern.gpx,STEP,151,161,38.200000000000045,0.4408543590349912
15,15_pattern.gpx,STEP,163,167,27.188436647300705,0.45598508023070583
15,15_pattern.gpx,STEP,169,171,25.495232644269777,0.38895947552282983
15,15_pattern.gpx,STEP,173,175,25.921532928131,0.3651943594683083
15,15_pattern.gpx,STEP,178,183,25.76706044904074,0.48112320528657515
15,15_pattern.gpx,STEP,188,190,19.004571634640456,0.4336758874367437
15,15_pattern.gpx,SPIKE,208,209,13.399999999999977,0.26230458796904854
15,15_pattern.gpx,STEP,225,236,42.0,0.35671957347937305
15,15_pattern.gpx,STEP,238,243,20.71026016423957,0.33912719460811613
15,15_pattern.gpx,SPIKE,344,345,25.700000000000045,0.21014402520616332
15,15_pattern.gpx,SPIKE,351,352,28.700000000000045,0.2342062819257232
15,15_pattern.gpx,STEP,354,356,33.0,0.2766480205030173
15,15_pattern.gpx,STEP,361,365,31.295283153212495,0.36974744451962954
15,15_pattern.gpx,STEP,371,375,28.972619686110647,0.968974331996501
15,15_pattern.gpx,STEP,377,379,19.307036146295104,0.5746633267950371
15,15_pattern.gpx,SPIKE,384,385,24.792752687323627,0.4064293541178812
15,15_pattern.gpx,STEP,389,392,31.51403131721395,0.4529465675751358
15,15_pattern.gpx,STEP,396,415,65.63096749896295,0.8005278117351141
15,15_pattern.gpx,STEP,418,420,48.380596956209274,0.3335074540164441
15,15_pattern.gpx,STEP,427,438,74.52153197453049,1.1046307401028588
15,15_pattern.gpx,STEP,440,443,74.53780870961054,0.6885805179771378
15,15_pattern.gpx,STEP,445,455,91.57715378431521,0.7137176107211596
15,15_pattern.gpx,STEP,457,460,93.70380504505397,1.1657796367690698
15,15_pattern.gpx,STEP,462,470,94.68995028609402,0.8627894844716979
15,15_pattern.gpx,SPIKE,474,475,98.0467120707176,0.3526391196245574
15,15_pattern.gpx,SPIKE,477,478,106.2842206025307,0.6105361821114514
15,15_pattern.gpx,STEP,480,483,116.88577493480489,0.5770857857140841
15,15_pattern.gpx,STEP,485,490,123.0749549295399,0.8094350055101854
15,15_pattern.gpx,STEP,492,495,125.68348696087219,0.6181446111258262
15,15_pattern.gpx,SPIKE,497,498,126.58708076400922,0.41104507420117753
15,15_pattern.gpx,STEP,500,518,154.3072692470255,1.1308990770367036
15,15_pattern.gpx,SPIKE,520,521,138.69250596716734,0.7596573107969709
15,15_pattern.gpx,STEP,616,620,28.299999999999955,0.7275949092708227
15,15_pattern.gpx,STEP,624,630,23.306834855508896,0.6189306820934207
15,15_pattern.gpx,STEP,682,688,-15.0,0.42320192767148523
15,15_pattern.gpx,SPIKE,718,719,-18.699999999999818,0.24953001228616897
15,15_pattern.gpx,SPIKE,721,722,-20.09999999999991,0.3434447784595662
15,15_pattern.gpx,SPIKE,724,725,-23.09999999999991,0.3080575161649039
15,15_pattern.gpx,STEP,729,733,-24.627502544306708,0.3264579745668112
15,15_pattern.gpx,STEP,737,741,-30.986047263111686,0.31548837742901803
15,15_pattern.gpx,STEP,745,747,-26.598906940430652,0.29262625269541287
15,15_pattern.gpx,SPIKE,753,754,-33.45174944446194,0.4589244383112193
15,15_pattern.gpx,STEP,759,763,-25.89607238765734,0.2544500852996744
15,15_pattern.gpx,STEP,787,789,-24.0,0.3404689963032808
15,15_pattern.gpx,STEP,867,872,-35.40000000000009,0.33293814895173246
15,15_pattern.gpx,SPIKE,874,875,-27.0004692776547,0.423800452503159
15,15_pattern.gpx,STEP,877,881,-28.380147832907824,0.37123712147994226
15,15_pattern.gpx,SPIKE,885,886,-17.849265392471352,0.28419716634273573
15,15_pattern.gpx,SPIKE,889,890,-16.12802686941768,0.27749927710905337
15,15_pattern.gpx,SPIKE,898,899,-13.222981947637209,1.2293178100331075
15,15_pattern.gpx,STEP,902,904,-13.422981947637254,0.6375115472801552
15,15_pattern.gpx,STEP,933,939,-15.700000000000045,0.7270279138945562
15,15_pattern.gpx,STEP,941,943,-10.67268753170515,1.069119507489675
15,15_pattern.gpx,SPIKE,946,953,0.36992826146547486,1.4682200871046143
15,15_pattern.gpx,STEP,960,969,30.384254801053885,1.3828787093175667
15,15_pattern.gpx,STEP,973,977,20.87806417298293,1.083190059430783
15,15_pattern.gpx,SPIKE,986,987,19.42776472477817,0.5821301726439713
15,15_pattern.gpx,STEP,991,994,16.889787847221214,0.6630647719698639
15,15_pattern.gpx,SPIKE,998,999,21.981031736066598,0.23045577395271893
15,15_pattern.gpx,SPIKE,1003,1004,17.374243951347808,0.3937579751535339
15,15_pattern.gpx,STEP,1006,1008,16.502761071855048,1.0862619696602567
15,15_pattern.gpx,STEP,1023,1025,-13.416671679926367,0.6209914469751056
15,15_pattern.gpx,STEP,1034,1037,-11.41573240061939,0.7823135809808703
15,15_pattern.gpx,SPIKE,1041,1042,-8.60530329445146,0.2644293384192817
15,15_pattern.gpx,SPIKE,1107,1108,14.099999999999909,0.28104329563477604
15,15_pattern.gpx,SPIKE,1116,1117,12.096797804040307,0.27901167687386697
15,15_pattern.gpx,SPIKE,1161,1162,-17.0,0.28882890556750973
15,15_pattern.gpx,SPIKE,1167,1168,-14.0,0.25663804401034185
15,15_pattern.gpx,SPIKE,1229,1230,1.099999999999909,0.2433543580418998
15,15_pattern.gpx,SPIKE,1254,1255,8.799999999999955,0.2517675818284565
15,15_pattern.gpx,STEP,1262,1265,-5.298774533863025,0.3798426947031726
15,15_pattern.gpx,SPIKE,1276,1277,-3.008598126821198,0.8909037748810947
15,15_pattern.gpx,STEP,1284,1286,-20.903881655272016,0.8189079662934421
15,15_pattern.gpx,STEP,1288,1293,-22.010065076186493,0.9034795826766547
15,15_pattern.gpx,STEP,1298,1300,-13.598961966963088,0.5501557510209462
15,15_pattern.gpx,STEP,1309,1311,-15.761033166628522,0.7712274838134541
15,15_pattern.gpx,SPIKE,1323,1324,-15.611612652388885,0.6815015295263931
15,15_pattern.gpx,STEP,1329,1332,-16.327686114267863,0.8573293720683405
15,15_pattern.gpx,STEP,1336,1339,-7.915287983784992,0.4482339938275349
15,15_pattern.gpx,SPIKE,1342,1343,-4.93093878777222,0.2553589496894867
15,15_pattern.gpx,STEP,1352,1354,-8.397404089341308,0.35064316577925075
15,15_pattern.gpx,STEP,1389,1392,-18.600000000000023,0.6268575425284217
15,15_pattern.gpx,SPIKE,1394,1395,-13.156735799310923,0.3257884097876758
15,15_pattern.gpx,STEP,1411,1415,-16.200000000000045,0.35568951049242015
15,15_pattern.gpx,STEP,1417,1420,-10.12358074567635,0.44875606121451617
15,15_pattern.gpx,SPIKE,1466,1467,11.199999999999932,0.6621509838107372
15,15_pattern.gpx,SPIKE,1472,1473,9.799999999999955,0.40807648480206893
15,15_pattern.gpx,SPIKE,1492,1493,4.699999999999932,0.4493695233356851
15,15_pattern.gpx,SPIKE,1496,1497,18.399999999999977,0.2346546883236566
15,15_pattern.gpx,STEP,1500,1509,44.30000000000007,0.6213653669943345
15,15_pattern.gpx,STEP,1511,1515,44.514400134516904,0.49058862211714105
15,15_pattern.gpx,STEP,1517,1519,49.90162162380602,0.3228726429536897
15,15_pattern.gpx,STEP,1522,1526,44.20173847925821,0.4599484057526772
15,15_pattern.gpx,SPIKE,1542,1543,7.20848266444068,0.32907212699021676
15,15_pattern.gpx,SPIKE,1545,1546,-1.099999999999909,0.6243127654233774
15,15_pattern.gpx,STEP,1551,1553,-3.199999999999818,0.8479394208530695
15,15_pattern.gpx,STEP,1555,1558,2.5140174537136772,0.7079471377427178
15,15_pattern.gpx,STEP,1565,1567,17.704419548088254,0.4299324084625634
15,15_pattern.gpx,STEP,1569,1574,13.586645684544465,0.8202513007143295
15,15_pattern.gpx,SPIKE,1584,1587,-1.0727673740070713,0.7224617283332281
15,15_pattern.gpx,SPIKE,1590,1591,-5.339028620610634,0.7350397635018395
15,15_pattern.gpx,STEP,1593,1595,-15.372068840922566,1.1854111181581288
15,15_pattern.gpx,STEP,1600,1603,-19.373830746117847,0.6936577755489393
15,15_pattern.gpx,STEP,1605,1616,-26.876225314041676,0.6463545597485838
15,15_pattern.gpx,SPIKE,1622,1623,-19.057338473193795,0.2715523964845071
15,15_pattern.gpx,SPIKE,1631,1632,-9.836661800688034,0.543301908580484
15,15_pattern.gpx,STEP,1674,1676,-22.5,0.3807934234971957
15,15_pattern.gpx,STEP,1680,1683,-28.29601882071688,0.5437639703149033
15,15_pattern.gpx,SPIKE,1685,1686,-23.58917528958432,0.5029220503435493
15,15_pattern.gpx,STEP,1688,1690,-20.502253936933812,0.8998382821880404
15,15_pattern.gpx,STEP,1692,1694,-17.105987522981877,0.2486248395697101
15,15_pattern.gpx,STEP,1699,1701,-21.781671123968295,0.3565790706554359
15,15_pattern.gpx,STEP,1703,1705,-23.587141680014042,0.39482863805148977
15,15_pattern.gpx,STEP,1707,1709,-23.66084570446185,0.31690370448941896
15,15_pattern.gpx,STEP,1711,1720,-34.47583646576584,0.5113364956555956
15,15_pattern.gpx,STEP,1734,1736,-23.011554314080627,0.2602944817695259
15,15_pattern.gpx,STEP,1740,1744,-28.3857369982843,0.7872520494291041
15,15_pattern.gpx,STEP,1746,1753,-29.15796328025749,0.5231117436180958
15,15_pattern.gpx,STEP,1755,1757,-27.445124872360566,0.3058564892009842
15,15_pattern.gpx,STEP,1760,1762,-23.676631787368365,0.36102333461925146
15,15_pattern.gpx,SPIKE,1765,1766,-25.493096037031933,0.2788090659107081
15,15_pattern.gpx,STEP,1773,1775,-15.275197898668239,0.3533049166063927
15,15_pattern.gpx,SPIKE,1917,1918,-13.600000000000023,0.22503347909012755
15a,15a_pattern.gpx,STEP,40,44,26.100000000000023,0.47408808256246815
15a,15a_pattern.gpx,SPIKE,46,47,11.321838098968328,0.35809114063952086
15a,15a_pattern.gpx,STEP,49,52,11.590080706194158,0.8503704263907256
15a,15a_pattern.gpx,SPIKE,54,55,9.81166290041699,0.7224424837626068
15a,15a_pattern.gpx,STEP,57,60,11.289155310263027,0.35692235606462297
15a,15a_pattern.gpx,SPIKE,64,65,13.059112728743457,0.4013681257272394
15a,15a_pattern.gpx,STEP,68,76,25.650211021576297,0.44511441868955043
15a,15a_pattern.gpx,SPIKE,78,79,23.890440147680238,0.380096978631572
15a,15a_pattern.gpx,STEP,82,88,37.91550180075819,0.3885805083600054
15a,15a_pattern.gpx,STEP,90,93,37.54949751916536,0.39533488026799024
15a,15a_pattern.gpx,STEP,96,98,33.84066631154769,0.4142533533380634
15a,15a_pattern.gpx,SPIKE,102,103,36.309606921458226,0.35823673934597766
15a,15a_pattern.gpx,STEP,109,111,36.9972812483511,0.37223820214290526
15a,15a_pattern.gpx,SPIKE,114,115,37.21063924109308,0.2638617413343248
15a,15a_pattern.gpx,SPIKE,119,120,38.21732328038809,0.2613759961652274
15a,15a_pattern.gpx,SPIKE,146,147,20.399999999999977,0.22869768443724164
15a,15a_pattern.gpx,STEP,151,161,38.200000000000045,0.4408543590349912
15a,15a_pattern.gpx,STEP,163,167,27.188436647300705,0.45598508023070583
15a,15a_pattern.gpx,STEP,169,171,25.495232644269777,0.38895947552282983
15a,15a_pattern.gpx,STEP,173,175,25.921532928131,0.3651943594683083
15a,15a_pattern.gpx,STEP,178,183,25.76706044904074,0.48112320528657515
15a,15a_pattern.gpx,STEP,188,190,19.004571634640456,0.4336758874367437
15a,15a_pattern.gpx,SPIKE,208,209,13.399999999999977,0.26230458796904854
15a,15a_pattern.gpx,STEP,225,236,42.0,0.35671957347937305
15a,15a_pattern.gpx,STEP,238,243,20.71026016423957,0.33912719460811613
15a,15a_pattern.gpx,SPIKE,344,345,25.700000000000045,0.21014402520616332
15a,15a_pattern.gpx,SPIKE,351,352,28.700000000000045,0.2342062819257232
15a,15a_pattern.gpx,STEP,354,356,33.0,0.2766480205030173
15a,15a_pattern.gpx,STEP,361,365,31.295283153212495,0.36974744451962954
15a,15a_pattern.gpx,STEP,371,375,28.972619686110647,0.968974331996501
15a,15a_pattern.gpx,STEP,377,379,19.307036146295104,0.5746633267950371
15a,15a_pattern.gpx,SPIKE,384,385,24.792752687323627,0.4064293541178812
15a,15a_pattern.gpx,STEP,389,392,31.51403131721395,0.4529465675751358
15a,15a_pattern.gpx,STEP,396,415,65.63096749896295,0.8005278117351141
15a,15a_pattern.gpx,STEP,418,420,48.380596956209274,0.3335074540164441
15a,15a_pattern.gpx,STEP,427,438,74.52153197453049,1.1046307401028588
15a,15a_pattern.gpx,STEP,440,443,74.53780870961054,0.6885805179771378
15a,15a_pattern.gpx,STEP,445,455,91.57715378431521,0.7137176107211596
15a,15a_pattern.gpx,STEP,457,460,93.70380504505397,1.1657796367690698
15a,15a_pattern.gpx,STEP,462,470,94.68995028609402,0.8627894844716979
15a,15a_pattern.gpx,SPIKE,474,475,98.0467120707176,0.3526391196245574
15a,15a_pattern.gpx,SPIKE,477,478,106.2842206025307,0.6105361821114514
15a,15a_pattern.gpx,STEP,480,483,116.88577493480489,0.5770857857140841
15a,15a_pattern.gpx,STEP,485,490,123.0749549295399,0.8094350055101854
15a,15a_pattern.gpx,STEP,492,495,125.68348696087219,0.6181446111258262
15a,15a_pattern.gpx,SPIKE,497,498,126.58708076400922,0.41104507420117753
15a,15a_pattern.gpx,STEP,500,518,154.3072692470255,1.1308990770367036
15a,15a_pattern.gpx,SPIKE,520,521,138.69250596716734,0.7596573107969709
15a,15a_pattern.gpx,STEP,616,620,28.299999999999955,0.7275949092708227
15a,15a_pattern.gpx,STEP,624,630,23.306834855508896,0.6189306820934207
15a,15a_pattern.gpx,STEP,682,688,-15.0,0.42320192767148523
15a,15a_pattern.gpx,SPIKE,718,719,-18.699999999999818,0.24953001228616897
15a,15a_pattern.gpx,SPIKE,721,722,-20.09999999999991,0.3434447784595662
15a,15a_pattern.gpx,SPIKE,724,725,-23.09999999999991,0.3080575161649039
15a,15a_pattern.gpx,STEP,729,733,-24.627502544306708,0.3264579745668112
15a,15a_pattern.gpx,STEP,737,741,-30.986047263111686,0.31548837742901803
15a,15a_pattern.gpx,STEP,745,747,-26.598906940430652,0.29262625269541287
15a,15a_pattern.gpx,SPIKE,753,754,-33.45174944446194,0.4589244383112193
15a,15a_pattern.gpx,STEP,759,763,-25.89607238765734,0.2544500852996744
15a,15a_pattern.gpx,STEP,787,789,-24.0,0.3404689963032808
15a,15a_pattern.gpx,STEP,867,872,-35.40000000000009,0.33293814895173246
15a,15a_pattern.gpx,SPIKE,874,875,-27.0004692776547,0.423800452503159
15a,15a_pattern.gpx,STEP,877,881,-28.380147832907824,0.37123712147994226
15a,15a_pattern.gpx,SPIKE,885,886,-17.849265392471352,0.28419716634273573
15a,15a_pattern.gpx,SPIKE,889,890,-16.12802686941768,0.27749927710905337
15a,15a_pattern.gpx,SPIKE,898,899,-13.222981947637209,1.2293178100331075
15a,15a_pattern.gpx,STEP,902,904,-13.422981947637254,0.6375115472801552
15a,15a_pattern.gpx,STEP,933,939,-15.700000000000045,0.7270279138945562
15a,15a_pattern.gpx,STEP,941,943,-10.67268753170515,1.069119507489675
15a,15a_pattern.gpx,SPIKE,946,953,0.36992826146547486,1.4682200871046143
15a,15a_pattern.gpx,STEP,960,969,30.384254801053885,1.3828787093175667
15a,15a_pattern.gpx,STEP,973,977,20.87806417298293,1.083190059430783
15a,15a_pattern.gpx,SPIKE,986,987,19.42776472477817,0.5821301726439713
15a,15a_pattern.gpx,STEP,991,994,16.889787847221214,0.6630647719698639
15a,15a_pattern.gpx,SPIKE,998,999,21.981031736066598,0.23045577395271893
15a,15a_pattern.gpx,SPIKE,1003,1004,17.374243951347808,0.3937579751535339
15a,15a_pattern.gpx,STEP,1006,1008,16.502761071855048,1.0862619696602567
15a,15a_pattern.gpx,STEP,1023,1025,-13.416671679926367,0.6209914469751056
15a,15a_pattern.gpx,STEP,1034,1037,-11.41573240061939,0.7823135809808703
15a,15a_pattern.gpx,SPIKE,1041,1042,-8.60530329445146,0.2644293384192817
15a,15a_pattern.gpx,SPIKE,1107,1108,14.099999999999909,0.28104329563477604
15a,15a_pattern.gpx,SPIKE,1116,1117,12.096797804040307,0.27901167687386697
15a,15a_pattern.gpx,SPIKE,1161,1162,-17.0,0.28882890556750973
15a,15a_pattern.gpx,SPIKE,1167,1168,-14.0,0.25663804401034185
15a,15a_pattern.gpx,SPIKE,1229,1230,1.099999999999909,0.2433543580418998
15a,15a_pattern.gpx,SPIKE,1254,1255,8.799999999999955,0.2517675818284565
15a,15a_pattern.gpx,STEP,1262,1265,-5.298774533863025,0.3798426947031726
15a,15a_pattern.gpx,SPIKE,1276,1277,-3.008598126821198,0.8909037748810947
15a,15a_pattern.gpx,STEP,1284,1286,-20.903881655272016,0.8189079662934421
15a,15a_pattern.gpx,STEP,1288,1293,-22.010065076186493,0.9034795826766547
15a,15a_pattern.gpx,STEP,1298,1300,-13.598961966963088,0.5501557510209462
15a,15a_pattern.gpx,STEP,1309,1311,-15.761033166628522,0.7712274838134541
15a,15a_pattern.gpx,SPIKE,1323,1324,-15.611612652388885,0.6815015295263931
15a,15a_pattern.gpx,STEP,1329,1332,-16.327686114267863,0.8573293720683405
15a,15a_pattern.gpx,STEP,1336,1339,-7.915287983784992,0.4482339938275349
15a,15a_pattern.gpx,SPIKE,1342,1343,-4.93093878777222,0.2553589496894867
15a,15a_pattern.gpx,STEP,1352,1354,-8.397404089341308,0.35064316577925075
15a,15a_pattern.gpx,STEP,1389,1392,-18.600000000000023,0.6268575425284217
15a,15a_pattern.gpx,SPIKE,1394,1395,-13.156735799310923,0.3257884097876758
15a,15a_pattern.gpx,STEP,1411,1415,-16.200000000000045,0.35568951049242015
15a,15a_pattern.gpx,STEP,1417,1420,-10.12358074567635,0.44875606121451617
15a,15a_pattern.gpx,SPIKE,1466,1467,11.199999999999932,0.6621509838107372
15a,15a_pattern.gpx,SPIKE,1472,1473,9.799999999999955,0.40807648480206893
15a,15a_pattern.gpx,SPIKE,1492,1493,4.699999999999932,0.4493695233356851
15a,15a_pattern.gpx,SPIKE,1496,1497,18.399999999999977,0.2346546883236566
15a,15a_pattern.gpx,STEP,1500,1509,44.30000000000007,0.6213653669943345
15a,15a_pattern.gpx,STEP,1511,1515,44.514400134516904,0.49058862211714105
15a,15a_pattern.gpx,STEP,1517,1519,49.90162162380602,0.3228726429536897
15a,15a_pattern.gpx,STEP,1522,1526,44.20173847925821,0.4599484057526772
15a,15a_pattern.gpx,SPIKE,1542,1543,7.20848266444068,0.32907212699021676
15a,15a_pattern.gpx,SPIKE,1545,1546,-1.099999999999909,0.6243127654233774
15a,15a_pattern.gpx,STEP,1551,1553,-3.199999999999818,0.8479394208530695
15a,15a_pattern.gpx,STEP,1555,1558,2.5140174537136772,0.7079471377427178
15a,15a_pattern.gpx,STEP,1565,1567,17.704419548088254,0.4299324084625634
15a,15a_pattern.gpx,STEP,1569,1574,13.586645684544465,0.8202513007143295
15a,15a_pattern.gpx,SPIKE,1584,1587,-1.0727673740070713,0.7224617283332281
15a,15a_pattern.gpx,SPIKE,1590,1591,-5.339028620610634,0.7350397635018395
15a,15a_pattern.gpx,STEP,1593,1595,-15.372068840922566,1.1854111181581288
15a,15a_pattern.gpx,STEP,1600,1603,-19.373830746117847,0.6936577755489393
15a,15a_pattern.gpx,STEP,1605,1616,-26.77622531404154,0.6463545597485838
15a,15a_pattern.gpx,SPIKE,1622,1623,-11.608470535687957,0.2715523964845071
15b,15b_pattern.gpx,STEP,40,44,26.100000000000023,0.47408808256246815
15b,15b_pattern.gpx,SPIKE,46,47,11.321838098968328,0.35809114063952086
15b,15b_pattern.gpx,STEP,49,52,11.590080706194158,0.8503704263907256
15b,15b_pattern.gpx,SPIKE,54,55,9.81166290041699,0.7224424837626068
15b,15b_pattern.gpx,STEP,57,60,11.289155310263027,0.35692235606462297
15b,15b_pattern.gpx,SPIKE,64,65,13.059112728743457,0.4013681257272394
15b,15b_pattern.gpx,STEP,68,76,25.650211021576297,0.44511441868955043
15b,15b_pattern.gpx,SPIKE,78,79,23.890440147680238,0.380096978631572
15b,15b_pattern.gpx,STEP,82,88,37.91550180075819,0.3885805083600054
15b,15b_pattern.gpx,STEP,90,93,37.54949751916536,0.39533488026799024
15b,15b_pattern.gpx,STEP,96,98,33.84066631154769,0.4142533533380634
15b,15b_pattern.gpx,SPIKE,102,103,36.309606921458226,0.35823673934597766
15b,15b_pattern.gpx,STEP,109,111,36.9972812483511,0.37223820214290526
15b,15b_pattern.gpx,SPIKE,114,115,37.21063924109308,0.2638617413343248
15b,15b_pattern.gpx,SPIKE,119,120,38.21732328038809,0.2613759961652274
15b,15b_pattern.gpx,SPIKE,146,147,20.399999999999977,0.22869768443724164
15b,15b_pattern.gpx,STEP,151,161,38.200000000000045,0.4408543590349912
15b,15b_pattern.gpx,STEP,163,167,27.188436647300705,0.45598508023070583
15b,15b_pattern.gpx,STEP,169,171,25.495232644269777,0.38895947552282983
15b,15b_pattern.gpx,STEP,173,175,25.921532928131,0.3651943594683083
15b,15b_pattern.gpx,STEP,178,183,25.76706044904074,0.48112320528657515
15b,15b_pattern.gpx,STEP,188,190,19.004571634640456,0.4336758874367437
15b,15b_pattern.gpx,SPIKE,208,209,13.399999999999977,0.26230458796904854
15b,15b_pattern.gpx,STEP,225,236,42.0,0.35671957347937305
15b,15b_pattern.gpx,STEP,238,243,20.71026016423957,0.33912719460811613
15b,15b_pattern.gpx,SPIKE,344,345,25.700000000000045,0.21014402520616332
15b,15b_pattern.gpx,SPIKE,351,352,28.700000000000045,0.2342062819257232
15b,15b_pattern.gpx,STEP,354,356,33.0,0.2766480205030173
15b,15b_pattern.gpx,STEP,361,365,31.295283153212495,0.36974744451962954
15b,15b_pattern.gpx,STEP,371,375,28.972619686110647,0.968974331996501
15b,15b_pattern.gpx,STEP,377,379,19.307036146295104,0.5746633267950371
15b,15b_pattern.gpx,SPIKE,384,385,24.792752687323627,0.4064293541178812
15b,15b_pattern.gpx,STEP,389,392,31.51403131721395,0.4529465675751358
15b,15b_pattern.gpx,STEP,396,415,65.63096749896295,0.8005278117351141
15b,15b_pattern.gpx,STEP,418,420,48.380596956209274,0.3335074540164441
15b,15b_pattern.gpx,STEP,427,438,74.52153197453049,1.1046307401028588
15b,15b_pattern.gpx,STEP,440,443,74.53780870961054,0.6885805179771378
15b,15b_pattern.gpx,STEP,445,455,91.57715378431521,0.7137176107211596
15b,15b_pattern.gpx,STEP,457,460,93.70380504505397,1.1657796367690698
15b,15b_pattern.gpx,STEP,462,470,94.68995028609402,0.8627894844716979
15b,15b_pattern.gpx,SPIKE,474,475,98.0467120707176,0.3526391196245574
15b,15b_pattern.gpx,SPIKE,477,478,106.2842206025307,0.6105361821114514
15b,15b_pattern.gpx,STEP,480,483,116.88577493480489,0.5770857857140841
15b,15b_pattern.gpx,STEP,485,490,123.0749549295399,0.8094350055101854
15b,15b_pattern.gpx,STEP,492,495,125.68348696087219,0.6181446111258262
15b,15b_pattern.gpx,SPIKE,497,498,126.58708076400922,0.41104507420117753
15b,15b_pattern.gpx,STEP,500,518,154.3072692470255,1.1308990770367036
15b,15b_pattern.gpx,SPIKE,520,521,138.69250596716734,0.7596573107969709
15b,15b_pattern.gpx,STEP,616,620,28.299999999999955,0.7275949092708227
15b,15b_pattern.gpx,STEP,624,630,23.306834855508896,0.6189306820934207
15b,15b_pattern.gpx,STEP,682,688,-15.0,0.42320192767148523
15b,15b_pattern.gpx,SPIKE,718,719,-18.699999999999818,0.24953001228616897
15b,15b_pattern.gpx,SPIKE,721,722,-20.09999999999991,0.3434447784595662
15b,15b_pattern.gpx,SPIKE,724,725,-23.09999999999991,0.3080575161649039
15b,15b_pattern.gpx,STEP,729,733,-24.627502544306708,0.3264579745668112
15b,15b_pattern.gpx,STEP,737,741,-30.986047263111686,0.31548837742901803
15b,15b_pattern.gpx,STEP,745,747,-26.598906940430652,0.29262625269541287
15b,15b_pattern.gpx,SPIKE,753,754,-33.45174944446194,0.4589244383112193
15b,15b_pattern.gpx,STEP,759,763,-25.89607238765734,0.2544500852996744
15b,15b_pattern.gpx,STEP,787,789,-24.0,0.3404689963032808
15b,15b_pattern.gpx,STEP,867,872,-35.40000000000009,0.33293814895173246
15b,15b_pattern.gpx,SPIKE,874,875,-27.0004692776547,0.423800452503159
15b,15b_pattern.gpx,STEP,877,881,-28.380147832907824,0.37123712147994226
15b,15b_pattern.gpx,SPIKE,885,886,-17.849265392471352,0.28419716634273573
15b,15b_pattern.gpx,SPIKE,889,890,-16.12802686941768,0.27749927710905337
15b,15b_pattern.gpx,SPIKE,898,899,-13.222981947637209,1.2293178100331075
15b,15b_pattern.gpx,STEP,902,904,-13.422981947637254,0.6375115472801552
15b,15b_pattern.gpx,STEP,933,939,-15.700000000000045,0.7270279138945562
15b,15b_pattern.gpx,STEP,941,943,-10.67268753170515,1.069119507489675
15b,15b_pattern.gpx,SPIKE,946,953,0.36992826146547486,1.4682200871046143
15b,15b_pattern.gpx,STEP,960,969,30.384254801053885,1.3828787093175667
15b,15b_pattern.gpx,STEP,973,977,20.87806417298293,1.083190059430783
15b,15b_pattern.gpx,SPIKE,986,987,19.42776472477817,0.5821301726439713
15b,15b_pattern.gpx,STEP,991,994,16.889787847221214,0.6630647719698639
15b,15b_pattern.gpx,SPIKE,998,999,21.981031736066598,0.23045577395271893
15b,15b_pattern.gpx,SPIKE,1003,1004,17.374243951347808,0.3937579751535339
15b,15b_pattern.gpx,STEP,1006,1008,16.502761071855048,1.0862619696602567
15b,15b_pattern.gpx,STEP,1023,1025,-13.416671679926367,0.6209914469751056
15b,15b_pattern.gpx,STEP,1034,1037,-11.41573240061939,0.7823135809808703
15b,15b_pattern.gpx,SPIKE,1041,1042,-8.60530329445146,0.2644293384192817
15b,15b_pattern.gpx,SPIKE,1107,1108,14.099999999999909,0.28104329563477604
15b,15b_pattern.gpx,SPIKE,1116,1117,12.096797804040307,0.27901167687386697
15b,15b_pattern.gpx,SPIKE,1161,1162,-17.0,0.28882890556750973
15b,15b_pattern.gpx,SPIKE,1167,1168,-14.0,0.25663804401034185
15c,15c_pattern.gpx,STEP,40,44,26.100000000000023,0.47408808256246815
15c,15c_pattern.gpx,SPIKE,46,47,11.321838098968328,0.35809114063952086
15c,15c_pattern.gpx,STEP,49,52,11.590080706194158,0.8503704263907256
15c,15c_pattern.gpx,SPIKE,54,55,9.81166290041699,0.7224424837626068
15c,15c_pattern.gpx,STEP,57,60,11.289155310263027,0.35692235606462297
15c,15c_pattern.gpx,SPIKE,64,65,13.059112728743457,0.4013681257272394
15c,15c_pattern.gpx,STEP,68,76,25.650211021576297,0.44511441868955043
15c,15c_pattern.gpx,SPIKE,78,79,23.890440147680238,0.380096978631572
15c,15c_pattern.gpx,STEP,82,88,37.91550180075819,0.3885805083600054
15c,15c_pattern.gpx,STEP,90,93,37.54949751916536,0.39533488026799024
15c,15c_pattern.gpx,STEP,96,98,33.84066631154769,0.4142533533380634
15c,15c_pattern.gpx,SPIKE,102,103,36.309606921458226,0.35823673934597766
15c,15c_pattern.gpx,STEP,109,111,36.9972812483511,0.37223820214290526
15c,15c_pattern.gpx,SPIKE,114,115,37.21063924109308,0.2638617413343248
15c,15c_pattern.gpx,SPIKE,119,120,38.21732328038809,0.2613759961652274
15c,15c_pattern.gpx,SPIKE,146,147,20.399999999999977,0.22869768443724164
15c,15c_pattern.gpx,STEP,151,161,38.200000000000045,0.4408543590349912
15c,15c_pattern.gpx,STEP,163,167,27.188436647300705,0.45598508023070583
15c,15c_pattern.gpx,STEP,169,171,25.495232644269777,0.38895947552282983
15c,15c_pattern.gpx,STEP,173,175,25.921532928131,0.3651943594683083
15c,15c_pattern.gpx,STEP,178,183,25.76706044904074,0.48112320528657515
15c,15c_pattern.gpx,STEP,188,190,19.004571634640456,0.4336758874367437
15c,15c_pattern.gpx,SPIKE,208,209,13.399999999999977,0.26230458796904854
15c,15c_pattern.gpx,STEP,225,236,42.0,0.35671957347937305
15c,15c_pattern.gpx,STEP,238,243,20.71026016423957,0.33912719460811613
15c,15c_pattern.gpx,SPIKE,344,345,25.700000000000045,0.21014402520616332
15c,15c_pattern.gpx,SPIKE,351,352,28.700000000000045,0.2342062819257232
15c,15c_pattern.gpx,STEP,354,356,33.0,0.2766480205030173
15c,15c_pattern.gpx,STEP,361,365,31.295283153212495,0.36974744451962954
15c,15c_pattern.gpx,STEP,371,375,28.972619686110647,0.968974331996501
15c,15c_pattern.gpx,STEP,377,379,19.307036146295104,0.5746633267950371
15c,15c_pattern.gpx,SPIKE,384,385,24.792752687323627,0.4064293541178812
15c,15c_pattern.gpx,STEP,389,392,31.51403131721395,0.4529465675751358
15c,15c_pattern.gpx,STEP,396,415,65.63096749896295,0.8005278117351141
15c,15c_pattern.gpx,STEP,418,420,48.380596956209274,0.3335074540164441
15c,15c_pattern.gpx,STEP,427,438,74.52153197453049,1.1046307401028588
15c,15c_pattern.gpx,STEP,440,443,74.53780870961054,0.6885805179771378
15c,15c_pattern.gpx,STEP,445,455,91.57715378431521,0.7137176107211596
15c,15c_pattern.gpx,STEP,457,460,93.70380504505397,1.1657796367690698
15c,15c_pattern.gpx,STEP,462,470,94.68995028609402,0.8627894844716979
15c,15c_pattern.gpx,SPIKE,474,475,98.0467120707176,0.3526391196245574
15c,15c_pattern.gpx,SPIKE,477,478,106.2842206025307,0.6105361821114514
15c,15c_pattern.gpx,STEP,480,483,116.88577493480489,0.5770857857140841
15c,15c_pattern.gpx,STEP,485,490,123.0749549295399,0.8094350055101854
15c,15c_pattern.gpx,STEP,492,495,125.68348696087219,0.6181446111258262
15c,15c_pattern.gpx,SPIKE,497,498,126.58708076400922,0.41104507420117753
15c,15c_pattern.gpx,STEP,500,518,154.3072692470255,1.1308990770367036
15c,15c_pattern.gpx,SPIKE,520,521,138.69250596716734,0.7596573107969709
15c,15c_pattern.gpx,STEP,616,620,28.299999999999955,0.7275949092708227
15c,15c_pattern.gpx,STEP,624,630,23.306834855508896,0.6189306820934207
15c,15c_pattern.gpx,STEP,682,688,-15.0,0.42320192767148523
15c,15c_pattern.gpx,SPIKE,718,719,-18.699999999999818,0.24953001228616897
15c,15c_pattern.gpx,SPIKE,721,722,-20.09999999999991,0.3434447784595662
15c,15c_pattern.gpx,SPIKE,724,725,-23.09999999999991,0.3080575161649039
15c,15c_pattern.gpx,STEP,729,733,-24.627502544306708,0.3264579745668112
15c,15c_pattern.gpx,STEP,737,741,-30.986047263111686,0.31548837742901803
15c,15c_pattern.gpx,STEP,745,747,-26.598906940430652,0.29262625269541287
15c,15c_pattern.gpx,SPIKE,753,754,-33.45174944446194,0.4589244383112193
15c,15c_pattern.gpx,STEP,759,763,-25.89607238765734,0.2544500852996744
15c,15c_pattern.gpx,STEP,787,789,-24.0,0.3404689963032808
15c,15c_pattern.gpx,STEP,867,872,-35.40000000000009,0.33293814895173246
15c,15c_pattern.gpx,SPIKE,874,875,-27.0004692776547,0.423800452503159
15c,15c_pattern.gpx,STEP,877,881,-28.380147832907824,0.37123712147994226
15c,15c_pattern.gpx,SPIKE,885,886,-17.849265392471352,0.28419716634273573
15c,15c_pattern.gpx,SPIKE,889,890,-16.12802686941768,0.27749927710905337
15c,15c_pattern.gpx,SPIKE,898,899,-13.222981947637209,1.2293178100331075
15c,15c_pattern.gpx,STEP,902,904,-13.422981947637254,0.6375115472801552
15c,15c_pattern.gpx,STEP,933,939,-15.700000000000045,0.7270279138945562
15c,15c_pattern.gpx,STEP,941,943,-10.67268753170515,1.069119507489675
15c,15c_pattern.gpx,SPIKE,946,953,0.36992826146547486,1.4682200871046143
15c,15c_pattern.gpx,STEP,960,969,30.384254801053885,1.3828787093175667
15c,15c_pattern.gpx,STEP,973,977,20.87806417298293,1.083190059430783
15c,15c_pattern.gpx,SPIKE,986,987,19.42776472477817,0.5821301726439713
15c,15c_pattern.gpx,STEP,991,994,16.889787847221214,0.6630647719698639
15c,15c_pattern.gpx,SPIKE,998,999,21.981031736066598,0.23045577395271893
15c,15c_pattern.gpx,SPIKE,1003,1004,17.374243951347808,0.3937579751535339
15c,15c_pattern.gpx,STEP,1006,1008,16.502761071855048,1.0862619696602567
15c,15c_pattern.gpx,STEP,1023,1025,-13.416671679926367,0.6209914469751056
15c,15c_pattern.gpx,STEP,1034,1037,-11.41573240061939,0.7823135809808703
15c,15c_pattern.gpx,SPIKE,1041,1042,-8.60530329445146,0.2644293384192817
15c,15c_pattern.gpx,SPIKE,1107,1108,14.099999999999909,0.28104329563477604
15c,15c_pattern.gpx,SPIKE,1116,1117,12.096797804040307,0.27901167687386697
15c,15c_pattern.gpx,SPIKE,1161,1162,-17.0,0.28882890556750973
15c,15c_pattern.gpx,SPIKE,1167,1168,-14.0,0.25663804401034185
15c,15c_pattern.gpx,SPIKE,1229,1230,1.099999999999909,0.2433543580418998
15c,15c_pattern.gpx,SPIKE,1254,1255,8.799999999999955,0.2517675818284565
15c,15c_pattern.gpx,STEP,1262,1265,-5.298774533863025,0.3798426947031726
15c,15c_pattern.gpx,SPIKE,1276,1277,-3.008598126821198,0.8909037748810947
15c,15c_pattern.gpx,STEP,1284,1286,-20.903881655272016,0.8189079662934421
15c,15c_pattern.gpx,STEP,1288,1293,-22.010065076186493,0.9034795826766547
15c,15c_pattern.gpx,STEP,1298,1300,-13.598961966963088,0.5501557510209462
15c,15c_pattern.gpx,STEP,1309,1311,-15.761033166628522,0.7712274838134541
15c,15c_pattern.gpx,SPIKE,1323,1324,-15.611612652388885,0.6815015295263931
15c,15c_pattern.gpx,STEP,1329,1332,-16.327686114267863,0.8573293720683405
15c,15c_pattern.gpx,STEP,1336,1339,-7.915287983784992,0.4482339938275349
15c,15c_pattern.gpx,SPIKE,1342,1343,-4.93093878777222,0.2553589496894867
15c,15c_pattern.gpx,STEP,1352,1354,-8.397404089341308,0.35064316577925075
15c,15c_pattern.gpx,STEP,1389,1392,-18.600000000000023,0.6268575425284217
15c,15c_pattern.gpx,SPIKE,1394,1395,-13.156735799310923,0.3257884097876758
15c,15c_pattern.gpx,STEP,1411,1415,-16.200000000000045,0.35568951049242015
15c,15c_pattern.gpx,STEP,1417,1420,-10.12358074567635,0.44875606121451617
15c,15c_pattern.gpx,SPIKE,1466,1467,11.199999999999932,0.6621509838107372
15c,15c_pattern.gpx,SPIKE,1472,1473,9.799999999999955,0.40807648480206893
15c,15c_pattern.gpx,SPIKE,1492,1493,4.699999999999932,0.4493695233356851
15c,15c_pattern.gpx,SPIKE,1496,1497,18.399999999999977,0.2346546883236566
15c,15c_pattern.gpx,STEP,1500,1509,32.80000000000007,0.6213653669943345
15c,15c_pattern.gpx,SPIKE,1511,1512,10.091543752143025,0.44773336219363674
15d,15d_pattern.gpx,STEP,40,44,26.100000000000023,0.47408808256246815
15d,15d_pattern.gpx,SPIKE,46,47,11.321838098968328,0.35809114063952086
15d,15d_pattern.gpx,STEP,49,52,11.590080706194158,0.8503704263907256
15d,15d_pattern.gpx,SPIKE,54,55,9.81166290041699,0.7224424837626068
15d,15d_pattern.gpx,STEP,57,60,11.289155310263027,0.35692235606462297
15d,15d_pattern.gpx,SPIKE,64,65,13.059112728743457,0.4013681257272394
15d,15d_pattern.gpx,STEP,68,76,25.650211021576297,0.44511441868955043
15d,15d_pattern.gpx,SPIKE,78,79,23.890440147680238,0.380096978631572
15d,15d_pattern.gpx,STEP,82,88,37.91550180075819,0.3885805083600054
15d,15d_pattern.gpx,STEP,90,93,37.54949751916536,0.39533488026799024
15d,15d_pattern.gpx,STEP,96,98,33.84066631154769,0.4142533533380634
15d,15d_pattern.gpx,SPIKE,102,103,36.309606921458226,0.35823673934597766
15d,15d_pattern.gpx,STEP,109,111,36.9972812483511,0.37223820214290526
15d,15d_pattern.gpx,SPIKE,114,115,37.21063924109308,0.2638617413343248
15d,15d_pattern.gpx,SPIKE,119,120,38.21732328038809,0.2613759961652274
15d,15d_pattern.gpx,SPIKE,146,147,20.399999999999977,0.22869768443724164
15d,15d_pattern.gpx,STEP,151,161,38.200000000000045,0.4408543590349912
15d,15d_pattern.gpx,STEP,163,167,27.188436647300705,0.45598508023070583
15d,15d_pattern.gpx,STEP,169,171,25.495232644269777,0.38895947552282983
15d,15d_pattern.gpx,STEP,173,175,25.921532928131,0.3651943594683083
15d,15d_pattern.gpx,STEP,178,183,25.76706044904074,0.48112320528657515
15d,15d_pattern.gpx,STEP,188,190,19.004571634640456,0.4336758874367437
15d,15d_pattern.gpx,SPIKE,208,209,13.399999999999977,0.26230458796904854
15d,15d_pattern.gpx,STEP,225,236,42.0,0.35671957347937305
15d,15d_pattern.gpx,STEP,238,243,20.71026016423957,0.33912719460811613
15d,15d_pattern.gpx,SPIKE,344,345,25.700000000000045,0.21014402520616332
15d,15d_pattern.gpx,SPIKE,351,352,28.700000000000045,0.2342062819257232
15d,15d_pattern.gpx,STEP,354,356,33.0,0.2766480205030173
15d,15d_pattern.gpx,STEP,361,365,31.295283153212495,0.36974744451962954
15d,15d_pattern.gpx,STEP,371,375,28.972619686110647,0.968974331996501
15d,15d_pattern.gpx,STEP,377,379,19.307036146295104,0.5746633267950371
15d,15d_pattern.gpx,SPIKE,384,385,24.792752687323627,0.4064293541178812
15d,15d_pattern.gpx,STEP,389,392,31.51403131721395,0.4529465675751358
15d,15d_pattern.gpx,STEP,396,415,65.63096749896295,0.8005278117351141
15d,15d_pattern.gpx,STEP,418,420,48.380596956209274,0.3335074540164441
15d,15d_pattern.gpx,STEP,427,438,74.52153197453049,1.1046307401028588
15d,15d_pattern.gpx,STEP,440,443,74.53780870961054,0.6885805179771378
15d,15d_pattern.gpx,STEP,445,455,91.57715378431521,0.7137176107211596
15d,15d_pattern.gpx,STEP,457,460,93.70380504505397,1.1657796367690698
15d,15d_pattern.gpx,STEP,462,470,94.68995028609402,0.8627894844716979
15d,15d_pattern.gpx,SPIKE,474,475,98.0467120707176,0.3526391196245574
15d,15d_pattern.gpx,SPIKE,477,478,106.2842206025307,0.6105361821114514
15d,15d_pattern.gpx,STEP,480,483,116.88577493480489,0.5770857857140841
15d,15d_pattern.gpx,STEP,485,490,123.0749549295399,0.8094350055101854
15d,15d_pattern.gpx,STEP,492,495,125.68348696087219,0.6181446111258262
15d,15d_pattern.gpx,SPIKE,497,498,126.58708076400922,0.41104507420117753
15d,15d_pattern.gpx,STEP,500,518,154.3072692470255,1.1308990770367036
15d,15d_pattern.gpx,SPIKE,520,521,138.69250596716734,0.7596573107969709
15d,15d_pattern.gpx,STEP,616,620,28.299999999999955,0.7275949092708227
15d,15d_pattern.gpx,STEP,624,630,23.306834855508896,0.6189306820934207
15d,15d_pattern.gpx,STEP,682,688,-15.0,0.42320192767148523
15d,15d_pattern.gpx,SPIKE,718,719,-18.699999999999818,0.24953001228616897
15d,15d_pattern.gpx,SPIKE,721,722,-20.09999999999991,0.3434447784595662
15d,15d_pattern.gpx,SPIKE,724,725,-23.09999999999991,0.3080575161649039
15d,15d_pattern.gpx,STEP,729,733,-24.627502544306708,0.3264579745668112
15d,15d_pattern.gpx,STEP,737,741,-30.986047263111686,0.31548837742901803
15d,15d_pattern.gpx,STEP,745,747,-26.598906940430652,0.29262625269541287
15d,15d_pattern.gpx,SPIKE,753,754,-33.45174944446194,0.4589244383112193
15d,15d_pattern.gpx,STEP,759,763,-25.89607238765734,0.2544500852996744
15d,15d_pattern.gpx,STEP,787,789,-24.0,0.3404689963032808
15d,15d_pattern.gpx,STEP,867,872,-35.40000000000009,0.33293814895173246
15d,15d_pattern.gpx,SPIKE,874,875,-27.0004692776547,0.423800452503159
15d,15d_pattern.gpx,STEP,877,881,-28.380147832907824,0.37123712147994226
15d,15d_pattern.gpx,SPIKE,885,886,-17.849265392471352,0.28419716634273573
15d,15d_pattern.gpx,SPIKE,889,890,-16.12802686941768,0.27749927710905337
15d,15d_pattern.gpx,SPIKE,898,899,-13.222981947637209,1.2293178100331075
15d,15d_pattern.gpx,STEP,902,904,-13.422981947637254,0.6375115472801552
15d,15d_pattern.gpx,STEP,933,939,-15.700000000000045,0.7270279138945562
15d,15d_pattern.gpx,STEP,941,943,-10.67268753170515,1.069119507489675
15d,15d_pattern.gpx,SPIKE,946,953,0.36992826146547486,1.4682200871046143
15d,15d_pattern.gpx,STEP,960,969,30.384254801053885,1.3828787093175667
15d,15d_pattern.gpx,STEP,973,977,20.87806417298293,1.083190059430783
15d,15d_pattern.gpx,SPIKE,986,987,19.42776472477817,0.5821301726439713
15d,15d_pattern.gpx,STEP,991,994,16.889787847221214,0.6630647719698639
15d,15d_pattern.gpx,SPIKE,998,999,21.981031736066598,0.23045577395271893
15d,15d_pattern.gpx,SPIKE,1003,1004,17.374243951347808,0.3937579751535339
15d,15d_pattern.gpx,STEP,1006,1008,16.502761071855048,1.0862619696602567
15d,15d_pattern.gpx,STEP,1023,1025,-13.416671679926367,0.6209914469751056
15d,15d_pattern.gpx,STEP,1034,1037,-11.41573240061939,0.7823135809808703
15d,15d_pattern.gpx,SPIKE,1041,1042,-8.60530329445146,0.2644293384192817
15d,15d_pattern.gpx,SPIKE,1107,1108,14.099999999999909,0.28104329563477604
15d,15d_pattern.gpx,SPIKE,1116,1117,12.096797804040307,0.27901167687386697
15d,15d_pattern.gpx,SPIKE,1161,1162,-17.0,0.28882890556750973
15d,15d_pattern.gpx,SPIKE,1167,1168,-14.0,0.25663804401034185
15d,15d_pattern.gpx,SPIKE,1229,1230,1.099999999999909,0.2433543580418998
15d,15d_pattern.gpx,SPIKE,1254,1255,8.799999999999955,0.2517675818284565
15d,15d_pattern.gpx,STEP,1262,1265,-5.298774533863025,0.3798426947031726
15d,15d_pattern.gpx,SPIKE,1276,1277,-3.008598126821198,0.8909037748810947
15d,15d_pattern.gpx,STEP,1284,1286,-20.903881655272016,0.8189079662934421
15d,15d_pattern.gpx,STEP,1288,1293,-22.010065076186493,0.9034795826766547
15d,15d_pattern.gpx,STEP,1298,1300,-13.598961966963088,0.5501557510209462
15d,15d_pattern.gpx,STEP,1309,1311,-15.761033166628522,0.7712274838134541
15d,15d_pattern.gpx,SPIKE,1323,1324,-15.611612652388885,0.6815015295263931
15d,15d_pattern.gpx,STEP,1329,1332,-16.327686114267863,0.8573293720683405
15d,15d_pattern.gpx,STEP,1336,1339,-9.515287983784901,0.4482339938275349
15d,15d_pattern.gpx,SPIKE,1342,1343,-5.549418206930341,0.2553589496894867
17,17_pattern.gpx,SPIKE,1306,1307,9.5,0.2686953357671762
17,17_pattern.gpx,SPIKE,1601,1602,8.0,0.2534038399639212
4,4_pattern.gpx,STEP,8,10,15.850000000000023,0.2401793994562653
4,4_pattern.gpx,STEP,50,55,39.60000000000002,0.36595214662891257
4,4_pattern.gpx,SPIKE,65,66,49.72208539685403,0.2351726231512284
4,4_pattern.gpx,SPIKE,80,81,30.0,0.22328241372832075
4,4_pattern.gpx,SPIKE,87,88,37.0,0.4224274658976179
4,4_pattern.gpx,SPIKE,90,91,37.5,0.29007491788548495
4,4_pattern.gpx,SPIKE,94,95,38.0,0.22271569166389182
4,4_pattern.gpx,SPIKE,114,115,33.89999999999998,0.27027482205221315
4,4_pattern.gpx,SPIKE,134,135,33.299999999999955,0.2637391254867372
4,4_pattern.gpx,STEP,150,152,30.199999999999932,0.24010089079820454
4,4_pattern.gpx,STEP,157,159,21.885974525048937,0.39937364849873175
4,4_pattern.gpx,STEP,170,172,15.064523411699042,0.7443677869124427
4,4_pattern.gpx,STEP,204,206,24.600000000000023,0.3754141985223153
4,4_pattern.gpx,STEP,210,227,51.38449369155637,0.44419886534747155
4,4_pattern.gpx,STEP,235,237,16.984442908224423,0.33465812910683407
4,4_pattern.gpx,STEP,242,244,7.500372534156554,0.2481735052572831
4,4_pattern.gpx,STEP,280,282,-18.100000000000023,0.26467803433586096
4,4_pattern.gpx,SPIKE,293,294,-21.176689469800635,0.29657894804807566
4,4_pattern.gpx,SPIKE,301,302,-9.736753851493631,0.2508256445726337
4,4_pattern.gpx,STEP,312,315,21.796049951396185,0.2792181645265675
4,4_pattern.gpx,STEP,319,323,19.03451155866412,0.6836027977102163
4,4_pattern.gpx,SPIKE,329,330,14.531732298897396,0.32111614628080004
4,4_pattern.gpx,STEP,342,344,8.0,0.29577471888842155
4,4_pattern.gpx,STEP,358,361,10.386949725454087,0.4612031041830115
4,4_pattern.gpx,SPIKE,367,368,6.203901801331426,0.4435405358460632
4,4_pattern.gpx,SPIKE,370,371,5.0032448361176876,0.2344299651102083
4,4_pattern.gpx,STEP,378,383,6.377873777963146,0.475515728967192
4,4_pattern.gpx,STEP,385,387,3.697903467361698,0.23808750361511843
4,4_pattern.gpx,SPIKE,419,420,6.0,0.26211219164965965
4,4_pattern.gpx,STEP,428,430,10.843468429127142,0.6677780101436951
4,4_pattern.gpx,STEP,437,439,15.121475878851015,0.28421970612674796
4,4_pattern.gpx,SPIKE,485,486,16.600000000000023,0.2615994169982775
4,4_pattern.gpx,STEP,527,535,23.5,0.4819164301991034
4,4_pattern.gpx,STEP,537,552,33.717961319752476,0.5685883287390883
4,4_pattern.gpx,STEP,556,560,30.932103614865355,0.42390025625826927
4,4_pattern.gpx,STEP,565,568,32.44339808177472,0.2854524014074486
4,4_pattern.gpx,SPIKE,570,571,28.47881934457064,0.2599551916932385
4,4_pattern.gpx,SPIKE,573,574,27.144167073857943,0.3500366638921661
4,4_pattern.gpx,STEP,582,586,26.858434692305536,0.44133077747532484
4,4_pattern.gpx,STEP,594,601,33.576540146183675,0.6591581104890692
4,4_pattern.gpx,SPIKE,606,607,33.32762493327766,0.2223610691598431
4,4_pattern.gpx,SPIKE,610,611,39.91660932270486,0.33475893613046126
4,4_pattern.gpx,STEP,614,617,43.4835618544796,0.43837328343221743
4,4_pattern.gpx,STEP,619,621,43.00221531586419,0.34746222061696636
4,4_pattern.gpx,SPIKE,624,625,42.529547001845344,0.521818384814804
4,4_pattern.gpx,STEP,630,632,46.22924008281552,0.3260261877270773
4,4_pattern.gpx,STEP,637,648,60.07717370358216,0.33763803713043916
4,4_pattern.gpx,STEP,678,680,-10.599999999999909,0.4411443192426207
4,4_pattern.gpx,SPIKE,682,683,-3.2327917884869066,0.2475121269192045
4,4_pattern.gpx,SPIKE,701,702,-2.300000000000068,0.5097504493824653
4,4_pattern.gpx,SPIKE,704,705,0.0,0.32535747783827657
4,4_pattern.gpx,SPIKE,707,708,0.6000000000000227,0.5935425692535086
4,4_pattern.gpx,SPIKE,730,731,4.0,0.26686084954851086
4,4_pattern.gpx,SPIKE,740,741,-5.7000000000000455,0.5828555199455167
4,4_pattern.gpx,SPIKE,743,744,-5.824338551448477,0.37613349887459835
4,4_pattern.gpx,SPIKE,755,756,11.700000000000045,0.2513246974731236
4,4_pattern.gpx,SPIKE,762,763,16.5,0.2988493008352662
4,4_pattern.gpx,SPIKE,768,769,14.100000000000023,0.27839043412028397
4,4_pattern.gpx,STEP,778,781,19.700000000000045,0.3491726291966928
4,4_pattern.gpx,STEP,789,801,-39.54598043997726,0.6369456399701009
4,4_pattern.gpx,SPIKE,815,816,-11.899999999999977,0.4608089416848489
4,4_pattern.gpx,SPIKE,822,823,-9.996487706207972,0.32298657215039606
4,4_pattern.gpx,SPIKE,826,827,-8.399999999999977,0.4871553720959406
4,4_pattern.gpx,SPIKE,829,830,-8.600000000000023,0.38970843797793137
4,4_pattern.gpx,SPIKE,840,841,-2.191536639197693,0.24684828552845306
4,4_pattern.gpx,STEP,859,867,27.5,0.43893401594148007
4,4_pattern.gpx,SPIKE,874,875,0.34470686592192123,0.21216178709633654
4,4_pattern.gpx,SPIKE,880,881,-4.899999999999977,0.44085977273918314
4,4_pattern.gpx,SPIKE,899,900,10.899999999999977,0.3795759423805624
4,4_pattern.gpx,SPIKE,911,912,5.399999999999977,0.2945642843304853
4,4_pattern.gpx,SPIKE,961,962,-4.2999999999999545,0.4131070026591041
4,4_pattern.gpx,SPIKE,980,981,1.3999999999999773,0.2448034586741563
4,4_pattern.gpx,STEP,1046,1050,-6.100000000000023,0.38212713099322626
4,4_pattern.gpx,SPIKE,1056,1057,-0.177448541373451,0.23378060408599166
4,4_pattern.gpx,STEP,1076,1078,17.100000000000023,0.26624134006379785
4,4_pattern.gpx,STEP,1085,1089,26.25005797494896,0.3531859747962427
4,4_pattern.gpx,STEP,1091,1095,22.49912139890489,0.3318541514721107
4,4_pattern.gpx,SPIKE,1097,1098,12.110864964355414,0.39048589448453314
4,4_pattern.gpx,STEP,1100,1103,9.659470518270268,0.5298426425016461
4,4_pattern.gpx,SPIKE,1113,1114,7.5291325547804036,0.25353489451965855
4,4_pattern.gpx,STEP,1126,1130,-16.0,0.41189884668894877
4,4_pattern.gpx,STEP,1146,1148,-11.399999999999977,0.38490934114839015
4,4_pattern.gpx,STEP,1180,1186,28.0,0.4115166540636317
4,4_pattern.gpx,STEP,1188,1206,32.428237710402755,0.489194512469692
4,4_pattern.gpx,SPIKE,1212,1213,10.297200224229869,0.44316003608901033
4,4_pattern.gpx,STEP,1226,1228,-13.600000000000023,0.8004690879597043
4,4_pattern.gpx,STEP,1244,1249,27.529389455303203,0.41527257218205477
4,4_pattern.gpx,STEP,1251,1255,28.2592637495261,0.37942311836378756
4,4_pattern.gpx,STEP,1257,1264,28.38237537287705,0.3418679379762961
4,4_pattern.gpx,STEP,1300,1304,-3.400000000000091,0.3412351125600571
4,4_pattern.gpx,SPIKE,1306,1307,-0.9336263606423927,0.5653164750993137
4,4_pattern.gpx,SPIKE,1351,1352,13.0,0.27683345606374654
4,4_pattern.gpx,SPIKE,1354,1355,13.0,0.48298240883233995
4,4_pattern.gpx,SPIKE,1361,1362,5.7999999999999545,0.2879311800565432
4,4_pattern.gpx,SPIKE,1368,1369,3.400000000000091,0.28597543845281664
4,4_pattern.gpx,SPIKE,1386,1387,-7.7000000000000455,0.38145333283716376
4,4_pattern.gpx,STEP,1395,1400,-21.399999999999864,0.42093318081445125
4,4_pattern.gpx,SPIKE,1403,1404,-14.93776787731963,0.37707236012295303
4,4_pattern.gpx,SPIKE,1421,1422,-4.099999999999909,0.3690072910404226
4,4_pattern.gpx,STEP,1483,1486,20.90000000000009,0.27970686780493736
4,4_pattern.gpx,STEP,1491,1493,12.00159718899772,0.28709203057498117
4,4_pattern.gpx,SPIKE,1502,1503,8.388949133470987,0.2754413593914586
4,4_pattern.gpx,SPIKE,1513,1514,0.3000000000001819,0.46877565595095205
4,4_pattern.gpx,STEP,1520,1522,4.599999999999909,0.29997525676174924
4,4_pattern.gpx,SPIKE,1548,1549,17.200000000000045,0.2941301557698101
4,4_pattern.gpx,SPIKE,1552,1553,18.0,0.2571586644903318
4,4_pattern.gpx,SPIKE,1609,1610,-3.8999999999998636,0.2147185501553805
4,4_pattern.gpx,SPIKE,1642,1643,0.2999999999999545,0.24805100355660278
4,4_pattern.gpx,SPIKE,1647,1648,-1.900000000000091,0.28700567084097967
4,4_pattern.gpx,SPIKE,1652,1653,-3.5304642699666147,0.24129502332648267
4,4_pattern.gpx,SPIKE,1659,1660,-3.8999999999998636,0.24248596699305983
4,4_pattern.gpx,STEP,1675,1678,7.599999999999909,0.2658241427059222
4,4_pattern.gpx,SPIKE,1688,1689,-12.721590663973302,0.32112290433563584
4,4_pattern.gpx,SPIKE,1707,1708,-20.299999999999955,0.27287401691299074
4,4_pattern.gpx,STEP,1743,1745,-30.200000000000045,0.26554502986375084
4,4_pattern.gpx,STEP,1749,1758,-56.44408580123729,0.6893589952976767
4,4_pattern.gpx,SPIKE,1760,1761,-33.627650660792824,0.390097185755478
4,4_pattern.gpx,STEP,1763,1767,-47.991482550742376,0.371867892749604
4,4_pattern.gpx,STEP,1770,1772,-42.68509020195563,0.49753181593680884
4,4_pattern.gpx,SPIKE,1778,1779,-53.098594467948374,0.6092574403050959
4,4_pattern.gpx,STEP,1782,1790,-73.47976993657028,0.8577209966492199
4,4_pattern.gpx,STEP,1794,1799,-84.38338127066322,0.5460800836214259
4,4_pattern.gpx,STEP,1801,1808,-88.31703525628268,0.5611264823811146
4,4_pattern.gpx,SPIKE,1810,1811,-67.7947735584761,0.5288219687196755
4,4_pattern.gpx,STEP,1815,1817,-69.28974092961676,0.46680069919764827
4,4_pattern.gpx,STEP,1819,1822,-75.1770676979886,0.8026948789147402
4,4_pattern.gpx,STEP,1824,1832,-86.59205669772052,0.4874938891083173
4,4_pattern.gpx,STEP,1834,1844,-103.05657909944341,0.49404627568321385
4,4_pattern.gpx,SPIKE,1846,1847,-93.7693422522301,0.31288219096517
4,4_pattern.gpx,STEP,1852,1854,-98.13243851142875,0.3201552500892293
4,4_pattern.gpx,SPIKE,1857,1858,-97.07321445555124,0.3568190371468831
4,4_pattern.gpx,SPIKE,1863,1864,-94.01440922658355,0.39597583009256526
4,4_pattern.gpx,SPIKE,1870,1871,-77.01637142253492,0.2537640013868777
4,4_pattern.gpx,SPIKE,1880,1881,-15.875692980932513,0.2852662376809749
4,4_pattern.gpx,STEP,1883,1894,-39.31315546271924,0.8555848002841737
4,4_pattern.gpx,STEP,1898,1901,-30.79692509810434,0.24873843432459275
4,4_pattern.gpx,STEP,1906,1909,-27.31435443253497,0.4901558414807089
4,4_pattern.gpx,SPIKE,1911,1912,-28.381361344158336,0.38994806696303586
4,4_pattern.gpx,SPIKE,1919,1920,-26.21638895716501,0.5756729272237981
4,4_pattern.gpx,STEP,1939,1941,-28.899999999999977,0.28490622334522747
4,4_pattern.gpx,SPIKE,1943,1944,-29.351948718836752,0.23526523880056183
4,4_pattern.gpx,STEP,1946,1987,-120.64486240342535,0.5413106508232677
4,4_pattern.gpx,STEP,1989,2007,-101.08592103596243,0.4731829223601542
4,4_pattern.gpx,STEP,2019,2021,-115.88446636979637,0.3752077387587132
4,4_pattern.gpx,STEP,2029,2031,-121.62957730732455,0.2532389788819393
4,4_pattern.gpx,STEP,2033,2035,-121.27574572008314,0.3114144802910945
4,4_pattern.gpx,SPIKE,2055,2056,-17.69999999999999,0.28105706839263284
4a,4a_pattern.gpx,STEP,8,10,15.850000000000023,0.2401793994562653
4a,4a_pattern.gpx,STEP,50,55,39.60000000000002,0.36595214662891257
4a,4a_pattern.gpx,SPIKE,65,66,49.72208539685403,0.2351726231512284
4a,4a_pattern.gpx,SPIKE,80,81,30.0,0.22328241372832075
4a,4a_pattern.gpx,SPIKE,87,88,37.0,0.4224274658976179
4a,4a_pattern.gpx,SPIKE,90,91,37.5,0.29007491788548495
4a,4a_pattern.gpx,SPIKE,94,95,38.0,0.22271569166389182
4a,4a_pattern.gpx,SPIKE,114,115,33.89999999999998,0.27027482205221315
4a,4a_pattern.gpx,SPIKE,134,135,33.299999999999955,0.2637391254867372
4a,4a_pattern.gpx,STEP,150,152,30.199999999999932,0.24010089079820454
4a,4a_pattern.gpx,STEP,157,159,21.885974525048937,0.39937364849873175
4a,4a_pattern.gpx,STEP,170,172,15.064523411699042,0.7443677869124427
4a,4a_pattern.gpx,STEP,204,206,24.600000000000023,0.3754141985223153
4a,4a_pattern.gpx,STEP,210,227,51.38449369155637,0.44419886534747155
4a,4a_pattern.gpx,STEP,235,237,16.984442908224423,0.33465812910683407
4a,4a_pattern.gpx,STEP,242,244,7.500372534156554,0.2481735052572831
4a,4a_pattern.gpx,STEP,280,282,-18.100000000000023,0.26467803433586096
4a,4a_pattern.gpx,SPIKE,293,294,-21.176689469800635,0.29657894804807566
4a,4a_pattern.gpx,SPIKE,301,302,-9.736753851493631,0.2508256445726337
4a,4a_pattern.gpx,STEP,312,315,21.796049951396185,0.2792181645265675
4a,4a_pattern.gpx,STEP,319,323,19.03451155866412,0.6836027977102163
4a,4a_pattern.gpx,SPIKE,329,330,14.531732298897396,0.32111614628080004
4a,4a_pattern.gpx,STEP,342,344,8.0,0.29577471888842155
4a,4a_pattern.gpx,STEP,358,361,10.386949725454087,0.4612031041830115
4a,4a_pattern.gpx,SPIKE,367,368,6.203901801331426,0.4435405358460632
4a,4a_pattern.gpx,SPIKE,370,371,5.0032448361176876,0.2344299651102083
4a,4a_pattern.gpx,STEP,378,383,6.377873777963146,0.475515728967192
4a,4a_pattern.gpx,STEP,385,387,3.697903467361698,0.23808750361511843
4a,4a_pattern.gpx,SPIKE,419,420,6.0,0.26211219164965965
4a,4a_pattern.gpx,STEP,428,430,10.843468429127142,0.6677780101436951
4a,4a_pattern.gpx,STEP,437,439,15.121475878851015,0.28421970612674796
4a,4a_pattern.gpx,SPIKE,485,486,16.600000000000023,0.2615994169982775
4a,4a_pattern.gpx,STEP,527,535,23.5,0.4819164301991034
4a,4a_pattern.gpx,STEP,537,552,33.717961319752476,0.5685883287390883
4a,4a_pattern.gpx,STEP,556,560,30.932103614865355,0.42390025625826927
4a,4a_pattern.gpx,STEP,565,568,32.44339808177472,0.2854524014074486
4a,4a_pattern.gpx,SPIKE,570,571,28.47881934457064,0.2599551916932385
4a,4a_pattern.gpx,SPIKE,573,574,27.144167073857943,0.3500366638921661
4a,4a_pattern.gpx,STEP,582,586,26.858434692305536,0.44133077747532484
4a,4a_pattern.gpx,STEP,594,601,33.576540146183675,0.6591581104890692
4a,4a_pattern.gpx,SPIKE,606,607,33.32762493327766,0.2223610691598431
4a,4a_pattern.gpx,SPIKE,610,611,39.91660932270486,0.33475893613046126
4a,4a_pattern.gpx,STEP,614,617,43.4835618544796,0.43837328343221743
4a,4a_pattern.gpx,STEP,619,621,43.00221531586419,0.34746222061696636
4a,4a_pattern.gpx,SPIKE,624,625,42.529547001845344,0.521818384814804
4a,4a_pattern.gpx,STEP,630,632,46.22924008281552,0.3260261877270773
4a,4a_pattern.gpx,STEP,637,648,60.07717370358216,0.33763803713043916
4a,4a_pattern.gpx,STEP,678,680,-10.599999999999909,0.4411443192426207
4a,4a_pattern.gpx,SPIKE,682,683,-3.2327917884869066,0.2475121269192045
4a,4a_pattern.gpx,SPIKE,701,702,-2.300000000000068,0.5097504493824653
4a,4a_pattern.gpx,SPIKE,704,705,0.0,0.32535747783827657
4a,4a_pattern.gpx,SPIKE,707,708,0.6000000000000227,0.5935425692535086
4a,4a_pattern.gpx,SPIKE,730,731,4.0,0.26686084954851086
4a,4a_pattern.gpx,SPIKE,740,741,-5.7000000000000455,0.5828555199455167
4a,4a_pattern.gpx,SPIKE,743,744,-5.824338551448477,0.37613349887459835
4a,4a_pattern.gpx,SPIKE,755,756,11.700000000000045,0.2513246974731236
4a,4a_pattern.gpx,SPIKE,762,763,16.5,0.2988493008352662
4a,4a_pattern.gpx,SPIKE,768,769,14.100000000000023,0.27839043412028397
4a,4a_pattern.gpx,STEP,778,781,19.700000000000045,0.3491726291966928
4a,4a_pattern.gpx,STEP,789,801,-39.54598043997726,0.6369456399701009
4a,4a_pattern.gpx,SPIKE,815,816,-11.899999999999977,0.4608089416848489
4a,4a_pattern.gpx,SPIKE,822,823,-9.996487706207972,0.32298657215039606
4a,4a_pattern.gpx,SPIKE,826,827,-8.399999999999977,0.4871553720959406
4a,4a_pattern.gpx,SPIKE,829,830,-8.600000000000023,0.38970843797793137
4a,4a_pattern.gpx,SPIKE,840,841,-2.191536639197693,0.24684828552845306
4a,4a_pattern.gpx,STEP,859,867,27.5,0.43893401594148007
4a,4a_pattern.gpx,SPIKE,874,875,0.34470686592192123,0.21216178709633654
4a,4a_pattern.gpx,SPIKE,880,881,-4.899999999999977,0.44085977273918314
4a,4a_pattern.gpx,SPIKE,899,900,10.899999999999977,0.3795759423805624
4a,4a_pattern.gpx,SPIKE,911,912,5.399999999999977,0.2945642843304853
4b,4b_pattern.gpx,STEP,8,10,15.850000000000023,0.2401793994562653
4b,4b_pattern.gpx,STEP,50,55,39.60000000000002,0.36595214662891257
4b,4b_pattern.gpx,SPIKE,65,66,49.72208539685403,0.2351726231512284
4b,4b_pattern.gpx,SPIKE,80,81,30.0,0.22328241372832075
4b,4b_pattern.gpx,SPIKE,87,88,37.0,0.4224274658976179
4b,4b_pattern.gpx,SPIKE,90,91,37.5,0.29007491788548495
4b,4b_pattern.gpx,SPIKE,94,95,38.0,0.22271569166389182
4b,4b_pattern.gpx,SPIKE,114,115,33.89999999999998,0.27027482205221315
4b,4b_pattern.gpx,SPIKE,134,135,33.299999999999955,0.2637391254867372
4b,4b_pattern.gpx,STEP,150,152,30.199999999999932,0.24010089079820454
4b,4b_pattern.gpx,STEP,157,159,21.885974525048937,0.39937364849873175
4b,4b_pattern.gpx,STEP,170,172,15.064523411699042,0.7443677869124427
4b,4b_pattern.gpx,STEP,204,206,24.600000000000023,0.3754141985223153
4b,4b_pattern.gpx,STEP,210,227,51.38449369155637,0.44419886534747155
4b,4b_pattern.gpx,STEP,235,237,16.984442908224423,0.33465812910683407
4b,4b_pattern.gpx,STEP,242,244,7.500372534156554,0.2481735052572831
4b,4b_pattern.gpx,STEP,280,282,-18.100000000000023,0.26467803433586096
4b,4b_pattern.gpx,SPIKE,293,294,-21.176689469800635,0.29657894804807566
4b,4b_pattern.gpx,SPIKE,301,302,-9.736753851493631,0.2508256445726337
4b,4b_pattern.gpx,STEP,312,315,21.796049951396185,0.2792181645265675
4b,4b_pattern.gpx,STEP,319,323,19.03451155866412,0.6836027977102163
4b,4b_pattern.gpx,SPIKE,329,330,14.531732298897396,0.32111614628080004
4b,4b_pattern.gpx,STEP,342,344,8.0,0.29577471888842155
4b,4b_pattern.gpx,STEP,358,361,10.386949725454087,0.4612031041830115
4b,4b_pattern.gpx,SPIKE,367,368,6.203901801331426,0.4435405358460632
4b,4b_pattern.gpx,SPIKE,370,371,5.0032448361176876,0.2344299651102083
4b,4b_pattern.gpx,STEP,378,383,6.377873777963146,0.475515728967192
4b,4b_pattern.gpx,STEP,385,387,3.697903467361698,0.23808750361511843
4b,4b_pattern.gpx,SPIKE,419,420,6.0,0.26211219164965965
4b,4b_pattern.gpx,STEP,428,430,10.843468429127142,0.6677780101436951
4b,4b_pattern.gpx,STEP,437,439,15.121475878851015,0.28421970612674796
4b,4b_pattern.gpx,SPIKE,485,486,16.600000000000023,0.2615994169982775
4b,4b_pattern.gpx,STEP,527,535,23.5,0.4819164301991034
4b,4b_pattern.gpx,STEP,537,552,33.717961319752476,0.5685883287390883
4b,4b_pattern.gpx,STEP,556,560,30.932103614865355,0.42390025625826927
4b,4b_pattern.gpx,STEP,565,568,32.44339808177472,0.2854524014074486
4b,4b_pattern.gpx,SPIKE,570,571,28.47881934457064,0.2599551916932385
4b,4b_pattern.gpx,SPIKE,573,574,27.144167073857943,0.3500366638921661
4b,4b_pattern.gpx,STEP,582,586,26.858434692305536,0.44133077747532484
4b,4b_pattern.gpx,STEP,594,601,33.576540146183675,0.6591581104890692
4b,4b_pattern.gpx,SPIKE,606,607,33.32762493327766,0.2223610691598431
4b,4b_pattern.gpx,SPIKE,610,611,39.91660932270486,0.33475893613046126
4b,4b_pattern.gpx,STEP,614,617,43.4835618544796,0.43837328343221743
4b,4b_pattern.gpx,STEP,619,621,43.00221531586419,0.34746222061696636
4b,4b_pattern.gpx,SPIKE,624,625,42.529547001845344,0.521818384814804
4b,4b_pattern.gpx,STEP,630,632,46.22924008281552,0.3260261877270773
4b,4b_pattern.gpx,STEP,637,648,60.07717370358216,0.33763803713043916
4b,4b_pattern.gpx,STEP,678,680,-10.599999999999909,0.4411443192426207
4b,4b_pattern.gpx,SPIKE,682,683,-3.2327917884869066,0.2475121269192045
4b,4b_pattern.gpx,SPIKE,701,702,-2.300000000000068,0.5097504493824653
4b,4b_pattern.gpx,SPIKE,704,705,0.0,0.32535747783827657
4b,4b_pattern.gpx,SPIKE,707,708,0.6000000000000227,0.5935425692535086
4b,4b_pattern.gpx,SPIKE,730,731,4.0,0.26686084954851086
4b,4b_pattern.gpx,SPIKE,740,741,-5.7000000000000455,0.5828555199455167
4b,4b_pattern.gpx,SPIKE,743,744,-5.824338551448477,0.37613349887459835
4b,4b_pattern.gpx,SPIKE,755,756,11.700000000000045,0.2513246974731236
4b,4b_pattern.gpx,SPIKE,762,763,16.5,0.2988493008352662
4b,4b_pattern.gpx,SPIKE,768,769,14.100000000000023,0.27839043412028397
4b,4b_pattern.gpx,STEP,778,781,19.700000000000045,0.3491726291966928
4b,4b_pattern.gpx,STEP,789,801,-39.54598043997726,0.6369456399701009
4b,4b_pattern.gpx,SPIKE,815,816,-11.899999999999977,0.4608089416848489
4b,4b_pattern.gpx,SPIKE,822,823,-9.996487706207972,0.32298657215039606
4b,4b_pattern.gpx,SPIKE,826,827,-8.399999999999977,0.4871553720959406
4b,4b_pattern.gpx,SPIKE,829,830,-8.600000000000023,0.38970843797793137
4b,4b_pattern.gpx,SPIKE,840,841,-2.191536639197693,0.24684828552845306
4b,4b_pattern.gpx,STEP,859,867,27.5,0.43893401594148007
4b,4b_pattern.gpx,SPIKE,874,875,0.34470686592192123,0.21216178709633654
4b,4b_pattern.gpx,SPIKE,880,881,-4.899999999999977,0.44085977273918314
4b,4b_pattern.gpx,SPIKE,899,900,10.899999999999977,0.3795759423805624
4b,4b_pattern.gpx,SPIKE,911,912,5.399999999999977,0.2945642843304853
4b,4b_pattern.gpx,SPIKE,961,962,-4.2999999999999545,0.4131070026591041
4b,4b_pattern.gpx,SPIKE,980,981,1.3999999999999773,0.2448034586741563
4b,4b_pattern.gpx,STEP,1046,1050,-6.100000000000023,0.38212713099322626
4b,4b_pattern.gpx,SPIKE,1056,1057,-0.177448541373451,0.23378060408599166
4b,4b_pattern.gpx,STEP,1076,1078,17.100000000000023,0.26624134006379785
4b,4b_pattern.gpx,STEP,1085,1089,26.25005797494896,0.3531859747962427
4b,4b_pattern.gpx,STEP,1091,1095,22.49912139890489,0.3318541514721107
4b,4b_pattern.gpx,SPIKE,1097,1098,12.110864964355414,0.39048589448453314
4b,4b_pattern.gpx,STEP,1100,1103,9.659470518270268,0.5298426425016461
4b,4b_pattern.gpx,SPIKE,1113,1114,7.5291325547804036,0.25353489451965855
4b,4b_pattern.gpx,STEP,1126,1130,-16.0,0.41189884668894877
4c,4c_pattern.gpx,STEP,8,10,15.850000000000023,0.2401793994562653
4c,4c_pattern.gpx,STEP,50,55,39.60000000000002,0.36595214662891257
4c,4c_pattern.gpx,SPIKE,65,66,49.72208539685403,0.2351726231512284
4c,4c_pattern.gpx,SPIKE,80,81,30.0,0.22328241372832075
4c,4c_pattern.gpx,SPIKE,87,88,37.0,0.4224274658976179
4c,4c_pattern.gpx,SPIKE,90,91,37.5,0.29007491788548495
4c,4c_pattern.gpx,SPIKE,94,95,38.0,0.22271569166389182
4c,4c_pattern.gpx,SPIKE,114,115,33.89999999999998,0.27027482205221315
4c,4c_pattern.gpx,SPIKE,134,135,33.299999999999955,0.2637391254867372
4c,4c_pattern.gpx,STEP,150,152,30.199999999999932,0.24010089079820454
4c,4c_pattern.gpx,STEP,157,159,21.885974525048937,0.39937364849873175
4c,4c_pattern.gpx,STEP,170,172,15.064523411699042,0.7443677869124427
4c,4c_pattern.gpx,STEP,204,206,24.600000000000023,0.3754141985223153
4c,4c_pattern.gpx,STEP,210,227,51.38449369155637,0.44419886534747155
4c,4c_pattern.gpx,STEP,235,237,16.984442908224423,0.33465812910683407
4c,4c_pattern.gpx,STEP,242,244,7.500372534156554,0.2481735052572831
4c,4c_pattern.gpx,STEP,280,282,-18.100000000000023,0.26467803433586096
4c,4c_pattern.gpx,SPIKE,293,294,-21.176689469800635,0.29657894804807566
4c,4c_pattern.gpx,SPIKE,301,302,-9.736753851493631,0.2508256445726337
4c,4c_pattern.gpx,STEP,312,315,21.796049951396185,0.2792181645265675
4c,4c_pattern.gpx,STEP,319,323,19.03451155866412,0.6836027977102163
4c,4c_pattern.gpx,SPIKE,329,330,14.531732298897396,0.32111614628080004
4c,4c_pattern.gpx,STEP,342,344,8.0,0.29577471888842155
4c,4c_pattern.gpx,STEP,358,361,10.386949725454087,0.4612031041830115
4c,4c_pattern.gpx,SPIKE,367,368,6.203901801331426,0.4435405358460632
4c,4c_pattern.gpx,SPIKE,370,371,5.0032448361176876,0.2344299651102083
4c,4c_pattern.gpx,STEP,378,383,6.377873777963146,0.475515728967192
4c,4c_pattern.gpx,STEP,385,387,3.697903467361698,0.23808750361511843
4c,4c_pattern.gpx,SPIKE,419,420,6.0,0.26211219164965965
4c,4c_pattern.gpx,STEP,428,430,10.843468429127142,0.6677780101436951
4c,4c_pattern.gpx,STEP,437,439,15.121475878851015,0.28421970612674796
4c,4c_pattern.gpx,SPIKE,485,486,16.600000000000023,0.2615994169982775
4c,4c_pattern.gpx,STEP,527,535,23.5,0.4819164301991034
4c,4c_pattern.gpx,STEP,537,552,33.717961319752476,0.5685883287390883
4c,4c_pattern.gpx,STEP,556,560,30.932103614865355,0.42390025625826927
4c,4c_pattern.gpx,STEP,565,568,32.44339808177472,0.2854524014074486
4c,4c_pattern.gpx,SPIKE,570,571,28.47881934457064,0.2599551916932385
4c,4c_pattern.gpx,SPIKE,573,574,27.144167073857943,0.3500366638921661
4c,4c_pattern.gpx,STEP,582,586,26.858434692305536,0.44133077747532484
4c,4c_pattern.gpx,STEP,594,601,33.576540146183675,0.6591581104890692
4c,4c_pattern.gpx,SPIKE,606,607,33.32762493327766,0.2223610691598431
4c,4c_pattern.gpx,SPIKE,610,611,39.91660932270486,0.33475893613046126
4c,4c_pattern.gpx,STEP,614,617,43.4835618544796,0.43837328343221743
4c,4c_pattern.gpx,STEP,619,621,43.00221531586419,0.34746222061696636
4c,4c_pattern.gpx,SPIKE,624,625,42.529547001845344,0.521818384814804
4c,4c_pattern.gpx,STEP,630,632,46.22924008281552,0.3260261877270773
4c,4c_pattern.gpx,STEP,637,648,60.07717370358216,0.33763803713043916
4c,4c_pattern.gpx,STEP,678,680,-10.599999999999909,0.4411443192426207
4c,4c_pattern.gpx,SPIKE,682,683,-3.2327917884869066,0.2475121269192045
4c,4c_pattern.gpx,SPIKE,701,702,-2.300000000000068,0.5097504493824653
4c,4c_pattern.gpx,SPIKE,704,705,0.0,0.32535747783827657
4c,4c_pattern.gpx,SPIKE,707,708,0.6000000000000227,0.5935425692535086
4c,4c_pattern.gpx,SPIKE,730,731,4.0,0.26686084954851086
4c,4c_pattern.gpx,SPIKE,740,741,-5.7000000000000455,0.5828555199455167
4c,4c_pattern.gpx,SPIKE,743,744,-5.824338551448477,0.37613349887459835
4c,4c_pattern.gpx,SPIKE,755,756,11.700000000000045,0.2513246974731236
4c,4c_pattern.gpx,SPIKE,762,763,16.5,0.2988493008352662
4c,4c_pattern.gpx,SPIKE,768,769,14.100000000000023,0.27839043412028397
4c,4c_pattern.gpx,STEP,778,781,19.700000000000045,0.3491726291966928
4c,4c_pattern.gpx,STEP,789,801,-39.54598043997726,0.6369456399701009
4c,4c_pattern.gpx,SPIKE,815,816,-11.899999999999977,0.4608089416848489
4c,4c_pattern.gpx,SPIKE,822,823,-9.996487706207972,0.32298657215039606
4c,4c_pattern.gpx,SPIKE,826,827,-8.399999999999977,0.4871553720959406
4c,4c_pattern.gpx,SPIKE,829,830,-8.600000000000023,0.38970843797793137
4c,4c_pattern.gpx,SPIKE,840,841,-2.191536639197693,0.24684828552845306
4c,4c_pattern.gpx,STEP,859,867,27.5,0.43893401594148007
4c,4c_pattern.gpx,SPIKE,874,875,0.34470686592192123,0.21216178709633654
4c,4c_pattern.gpx,SPIKE,880,881,-4.899999999999977,0.44085977273918314
4c,4c_pattern.gpx,SPIKE,899,900,10.899999999999977,0.3795759423805624
4c,4c_pattern.gpx,SPIKE,911,912,5.399999999999977,0.2945642843304853
4c,4c_pattern.gpx,SPIKE,961,962,-4.2999999999999545,0.4131070026591041
4c,4c_pattern.gpx,SPIKE,980,981,1.3999999999999773,0.2448034586741563
4c,4c_pattern.gpx,STEP,1046,1050,-6.100000000000023,0.38212713099322626
4c,4c_pattern.gpx,SPIKE,1056,1057,-0.177448541373451,0.23378060408599166
4c,4c_pattern.gpx,STEP,1076,1078,17.100000000000023,0.26624134006379785
4c,4c_pattern.gpx,STEP,1085,1089,26.25005797494896,0.3531859747962427
4c,4c_pattern.gpx,STEP,1091,1095,22.49912139890489,0.3318541514721107
4c,4c_pattern.gpx,SPIKE,1097,1098,12.110864964355414,0.39048589448453314
4c,4c_pattern.gpx,STEP,1100,1103,9.659470518270268,0.5298426425016461
4c,4c_pattern.gpx,SPIKE,1113,1114,7.5291325547804036,0.25353489451965855
4c,4c_pattern.gpx,STEP,1126,1130,-16.0,0.41189884668894877
4c,4c_pattern.gpx,STEP,1146,1148,-11.399999999999977,0.38490934114839015
4c,4c_pattern.gpx,STEP,1180,1186,28.0,0.4115166540636317
4c,4c_pattern.gpx,STEP,1188,1206,32.428237710402755,0.489194512469692
4c,4c_pattern.gpx,SPIKE,1212,1213,10.297200224229869,0.44316003608901033
4c,4c_pattern.gpx,STEP,1226,1228,-13.600000000000023,0.8004690879597043
4c,4c_pattern.gpx,STEP,1244,1249,27.529389455303203,0.41527257218205477
4c,4c_pattern.gpx,STEP,1251,1255,28.2592637495261,0.37942311836378756
4c,4c_pattern.gpx,STEP,1257,1264,28.38237537287705,0.3418679379762961
4c,4c_pattern.gpx,STEP,1300,1304,-3.400000000000091,0.3412351125600571
4c,4c_pattern.gpx,SPIKE,1306,1307,-0.9336263606423927,0.5653164750993137
4c,4c_pattern.gpx,SPIKE,1351,1352,13.0,0.27683345606374654
4c,4c_pattern.gpx,SPIKE,1354,1355,13.0,0.48298240883233995
4c,4c_pattern.gpx,SPIKE,1361,1362,5.7999999999999545,0.2879311800565432
4c,4c_pattern.gpx,SPIKE,1368,1369,3.400000000000091,0.28597543845281664
4c,4c_pattern.gpx,SPIKE,1386,1387,-7.7000000000000455,0.38145333283716376
4c,4c_pattern.gpx,STEP,1395,1400,-21.399999999999864,0.42093318081445125
4c,4c_pattern.gpx,SPIKE,1403,1404,-14.93776787731963,0.37707236012295303
4c,4c_pattern.gpx,SPIKE,1421,1422,-4.099999999999909,0.3690072910404226
4d,4d_pattern.gpx,STEP,8,10,15.850000000000023,0.2401793994562653
4d,4d_pattern.gpx,STEP,50,55,39.60000000000002,0.36595214662891257
4d,4d_pattern.gpx,SPIKE,65,66,49.72208539685403,0.2351726231512284
4d,4d_pattern.gpx,SPIKE,80,81,30.0,0.22328241372832075
4d,4d_pattern.gpx,SPIKE,87,88,37.0,0.4224274658976179
4d,4d_pattern.gpx,SPIKE,90,91,37.5,0.29007491788548495
4d,4d_pattern.gpx,SPIKE,94,95,38.0,0.22271569166389182
4d,4d_pattern.gpx,SPIKE,114,115,33.89999999999998,0.27027482205221315
4d,4d_pattern.gpx,SPIKE,134,135,33.299999999999955,0.2637391254867372
4d,4d_pattern.gpx,STEP,150,152,30.199999999999932,0.24010089079820454
4d,4d_pattern.gpx,STEP,157,159,21.885974525048937,0.39937364849873175
4d,4d_pattern.gpx,STEP,170,172,15.064523411699042,0.7443677869124427
4d,4d_pattern.gpx,STEP,204,206,24.600000000000023,0.3754141985223153
4d,4d_pattern.gpx,STEP,210,227,51.38449369155637,0.44419886534747155
4d,4d_pattern.gpx,STEP,235,237,16.984442908224423,0.33465812910683407
4d,4d_pattern.gpx,STEP,242,244,7.500372534156554,0.2481735052572831
4d,4d_pattern.gpx,STEP,280,282,-18.100000000000023,0.26467803433586096
4d,4d_pattern.gpx,SPIKE,293,294,-21.176689469800635,0.29657894804807566
4d,4d_pattern.gpx,SPIKE,301,302,-9.736753851493631,0.2508256445726337
4d,4d_pattern.gpx,STEP,312,315,21.796049951396185,0.2792181645265675
4d,4d_pattern.gpx,STEP,319,323,19.03451155866412,0.6836027977102163
4d,4d_pattern.gpx,SPIKE,329,330,14.531732298897396,0.32111614628080004
4d,4d_pattern.gpx,STEP,342,344,8.0,0.29577471888842155
4d,4d_pattern.gpx,STEP,358,361,10.386949725454087,0.4612031041830115
4d,4d_pattern.gpx,SPIKE,367,368,6.203901801331426,0.4435405358460632
4d,4d_pattern.gpx,SPIKE,370,371,5.0032448361176876,0.2344299651102083
4d,4d_pattern.gpx,STEP,378,383,6.377873777963146,0.475515728967192
4d,4d_pattern.gpx,STEP,385,387,3.697903467361698,0.23808750361511843
4d,4d_pattern.gpx,SPIKE,419,420,6.0,0.26211219164965965
4d,4d_pattern.gpx,STEP,428,430,10.843468429127142,0.6677780101436951
4d,4d_pattern.gpx,STEP,437,439,15.121475878851015,0.28421970612674796
4d,4d_pattern.gpx,SPIKE,485,486,16.600000000000023,0.2615994169982775
4d,4d_pattern.gpx,STEP,527,535,23.5,0.4819164301991034
4d,4d_pattern.gpx,STEP,537,552,33.717961319752476,0.5685883287390883
4d,4d_pattern.gpx,STEP,556,560,30.932103614865355,0.42390025625826927
4d,4d_pattern.gpx,STEP,565,568,32.44339808177472,0.2854524014074486
4d,4d_pattern.gpx,SPIKE,570,571,28.47881934457064,0.2599551916932385
4d,4d_pattern.gpx,SPIKE,573,574,27.144167073857943,0.3500366638921661
4d,4d_pattern.gpx,STEP,582,586,26.858434692305536,0.44133077747532484
4d,4d_pattern.gpx,STEP,594,601,33.576540146183675,0.6591581104890692
4d,4d_pattern.gpx,SPIKE,606,607,33.32762493327766,0.2223610691598431
4d,4d_pattern.gpx,SPIKE,610,611,39.91660932270486,0.33475893613046126
4d,4d_pattern.gpx,STEP,614,617,43.4835618544796,0.43837328343221743
4d,4d_pattern.gpx,STEP,619,621,43.00221531586419,0.34746222061696636
4d,4d_pattern.gpx,SPIKE,624,625,42.529547001845344,0.521818384814804
4d,4d_pattern.gpx,STEP,630,632,46.22924008281552,0.3260261877270773
4d,4d_pattern.gpx,STEP,637,648,60.07717370358216,0.33763803713043916
4d,4d_pattern.gpx,STEP,678,680,-10.599999999999909,0.4411443192426207
4d,4d_pattern.gpx,SPIKE,682,683,-3.2327917884869066,0.2475121269192045
4d,4d_pattern.gpx,SPIKE,701,702,-2.300000000000068,0.5097504493824653
4d,4d_pattern.gpx,SPIKE,704,705,0.0,0.32535747783827657
4d,4d_pattern.gpx,SPIKE,707,708,0.6000000000000227,0.5935425692535086
4d,4d_pattern.gpx,SPIKE,730,731,4.0,0.26686084954851086
4d,4d_pattern.gpx,SPIKE,740,741,-5.7000000000000455,0.5828555199455167
4d,4d_pattern.gpx,SPIKE,743,744,-5.824338551448477,0.37613349887459835
4d,4d_pattern.gpx,SPIKE,755,756,11.700000000000045,0.2513246974731236
4d,4d_pattern.gpx,SPIKE,762,763,16.5,0.2988493008352662
4d,4d_pattern.gpx,SPIKE,768,769,14.100000000000023,0.27839043412028397
4d,4d_pattern.gpx,STEP,778,781,19.700000000000045,0.3491726291966928
4d,4d_pattern.gpx,STEP,789,801,-39.54598043997726,0.6369456399701009
4d,4d_pattern.gpx,SPIKE,815,816,-11.899999999999977,0.4608089416848489
4d,4d_pattern.gpx,SPIKE,822,823,-9.996487706207972,0.32298657215039606
4d,4d_pattern.gpx,SPIKE,826,827,-8.399999999999977,0.4871553720959406
4d,4d_pattern.gpx,SPIKE,829,830,-8.600000000000023,0.38970843797793137
4d,4d_pattern.gpx,SPIKE,840,841,-2.191536639197693,0.24684828552845306
4d,4d_pattern.gpx,STEP,859,867,27.5,0.43893401594148007
4d,4d_pattern.gpx,SPIKE,874,875,0.34470686592192123,0.21216178709633654
4d,4d_pattern.gpx,SPIKE,880,881,-4.899999999999977,0.44085977273918314
4d,4d_pattern.gpx,SPIKE,899,900,10.899999999999977,0.3795759423805624
4d,4d_pattern.gpx,SPIKE,911,912,5.399999999999977,0.2945642843304853
4d,4d_pattern.gpx,SPIKE,961,962,-4.2999999999999545,0.4131070026591041
4d,4d_pattern.gpx,SPIKE,980,981,1.3999999999999773,0.2448034586741563
4d,4d_pattern.gpx,STEP,1046,1050,-6.100000000000023,0.38212713099322626
4d,4d_pattern.gpx,SPIKE,1056,1057,-0.177448541373451,0.23378060408599166
4d,4d_pattern.gpx,STEP,1076,1078,17.100000000000023,0.26624134006379785
4d,4d_pattern.gpx,STEP,1085,1089,26.25005797494896,0.3531859747962427
4d,4d_pattern.gpx,STEP,1091,1095,22.49912139890489,0.3318541514721107
4d,4d_pattern.gpx,SPIKE,1097,1098,12.110864964355414,0.39048589448453314
4d,4d_pattern.gpx,STEP,1100,1103,9.659470518270268,0.5298426425016461
4d,4d_pattern.gpx,SPIKE,1113,1114,7.5291325547804036,0.25353489451965855
4d,4d_pattern.gpx,STEP,1126,1130,-16.0,0.41189884668894877
4d,4d_pattern.gpx,STEP,1146,1148,-11.399999999999977,0.38490934114839015
4d,4d_pattern.gpx,STEP,1180,1186,28.0,0.4115166540636317
4d,4d_pattern.gpx,STEP,1188,1206,32.428237710402755,0.489194512469692
4d,4d_pattern.gpx,SPIKE,1212,1213,10.297200224229869,0.44316003608901033
4d,4d_pattern.gpx,STEP,1226,1228,-13.600000000000023,0.8004690879597043
4d,4d_pattern.gpx,STEP,1244,1249,27.529389455303203,0.41527257218205477
4d,4d_pattern.gpx,STEP,1251,1255,28.2592637495261,0.37942311836378756
4d,4d_pattern.gpx,STEP,1257,1264,28.38237537287705,0.3418679379762961
4d,4d_pattern.gpx,STEP,1300,1304,-3.400000000000091,0.3412351125600571
4d,4d_pattern.gpx,SPIKE,1306,1307,-0.9336263606423927,0.5653164750993137
4d,4d_pattern.gpx,SPIKE,1351,1352,13.0,0.27683345606374654
4d,4d_pattern.gpx,SPIKE,1354,1355,13.0,0.48298240883233995
4d,4d_pattern.gpx,SPIKE,1361,1362,5.7999999999999545,0.2879311800565432
4d,4d_pattern.gpx,SPIKE,1368,1369,3.400000000000091,0.28597543845281664
4d,4d_pattern.gpx,SPIKE,1386,1387,-7.7000000000000455,0.38145333283716376
4d,4d_pattern.gpx,STEP,1395,1400,-21.399999999999864,0.42093318081445125
4d,4d_pattern.gpx,SPIKE,1403,1404,-14.93776787731963,0.37707236012295303
4d,4d_pattern.gpx,SPIKE,1421,1422,-4.099999999999909,0.3690072910404226
4d,4d_pattern.gpx,STEP,1483,1486,20.90000000000009,0.27970686780493736
4d,4d_pattern.gpx,STEP,1491,1493,12.00159718899772,0.28709203057498117
4d,4d_pattern.gpx,SPIKE,1502,1503,8.388949133470987,0.2754413593914586
4d,4d_pattern.gpx,SPIKE,1513,1514,0.3000000000001819,0.46877565595095205
4d,4d_pattern.gpx,STEP,1520,1522,4.599999999999909,0.29997525676174924
4d,4d_pattern.gpx,SPIKE,1548,1549,17.200000000000045,0.2941301557698101
4d,4d_pattern.gpx,SPIKE,1552,1553,18.0,0.2571586644903318
5,5_pattern.gpx,SPIKE,54,55,15.700000000000017,21.29700059878161
5,5_pattern.gpx,STEP,60,62,18.399999999999977,0.27923587995032684
5,5_pattern.gpx,SPIKE,64,65,15.502735587665143,0.4098264690888959
5,5_pattern.gpx,SPIKE,74,75,16.500764749761686,0.24371916210115996
5,5_pattern.gpx,SPIKE,80,81,13.599999999999966,0.28074840530830697
5,5_pattern.gpx,SPIKE,117,118,10.5,0.25454110565974014
5,5_pattern.gpx,SPIKE,149,150,12.400000000000034,0.24189251887497148
5,5_pattern.gpx,SPIKE,153,154,14.600000000000023,0.2401345304441615
5,5_pattern.gpx,STEP,158,160,20.90066017920401,0.29323289400811914
5,5_pattern.gpx,STEP,167,175,29.456593554199742,0.6591029868406951
5,5_pattern.gpx,STEP,177,188,25.027753464695877,0.34079002506001665
5,5_pattern.gpx,STEP,190,193,17.066242710822905,0.4069080741741564
5,5_pattern.gpx,SPIKE,195,196,15.820487774170715,0.4296364389822799
5,5_pattern.gpx,STEP,198,202,19.124570676189762,0.3753623012764772
5,5_pattern.gpx,STEP,206,208,19.13131489841885,0.3291777079017635
5,5_pattern.gpx,STEP,287,294,28.900000000000034,0.5613301240196834
5,5_pattern.gpx,STEP,308,312,26.305175987865198,0.3082460256367903
5,5_pattern.gpx,STEP,314,316,19.561038368629568,0.6011407573841394
5,5_pattern.gpx,STEP,332,334,25.09554527999751,0.30442957508307184
5,5_pattern.gpx,STEP,339,343,26.358308817142074,0.2878048601649385
5,5_pattern.gpx,STEP,345,348,18.543860955012235,0.29773355923981487
5,5_pattern.gpx,SPIKE,370,371,-23.5,0.2488112820753057
5,5_pattern.gpx,SPIKE,373,374,-25.099999999999966,0.28462356228210595
5,5_pattern.gpx,SPIKE,383,384,-21.30000000000001,0.24381700088657698
5,5_pattern.gpx,STEP,395,397,-18.299999999999955,0.2555532203086321
5,5_pattern.gpx,STEP,412,416,-18.22704230617711,0.7858132790771889
5,5_pattern.gpx,STEP,419,422,-9.839927906575156,0.5051656794476345
5,5_pattern.gpx,STEP,424,431,-14.256678962400827,0.4994861354054257
5,5_pattern.gpx,STEP,439,447,-15.289379811385743,0.6838516147747983
5,5_pattern.gpx,SPIKE,700,701,1.3000000000000114,1.6732631044713941
5,5_pattern.gpx,SPIKE,820,821,0.0,4.432592849628155
5,5_pattern.gpx,SPIKE,839,840,-6.800000000000011,1.9185883431829749
5,5_pattern.gpx,STEP,912,914,7.5,0.28493817293120616
5,5_pattern.gpx,SPIKE,1189,1190,-0.39999999999997726,0.38163723891714263
5,5_pattern.gpx,SPIKE,1216,1217,3.099999999999966,1.1754050977807662
5,5_pattern.gpx,STEP,1224,1227,1.7628876013064314,0.8704876728303597
5,5_pattern.gpx,SPIKE,1287,1290,0.5,1.7017891065960649
5,5_pattern.gpx,SPIKE,1294,1297,0.30000000000001137,0.8648081613790372
5,5_pattern.gpx,SPIKE,1348,1349,-1.400000000000034,3.540149847239721
5,5_pattern.gpx,SPIKE,1410,1411,1.8999999999999773,1.2243517928328558
5,5_pattern.gpx,SPIKE,1470,1471,0.6999999999999886,0.9356986709250461
5,5_pattern.gpx,SPIKE,1519,1520,5.600000000000023,1.1032349239715495
6,6_pattern.gpx,SPIKE,76,77,-5.600000000000023,1.1026058613987553
6,6_pattern.gpx,SPIKE,125,126,2.599999999999966,0.9356750467654122
6,6_pattern.gpx,SPIKE,185,186,-1.8999999999999773,1.2243345837943518
6,6_pattern.gpx,SPIKE,247,248,1.3000000000000114,3.539595461383859
6,6_pattern.gpx,SPIKE,299,302,-0.30000000000001137,0.8645582974851848
6,6_pattern.gpx,SPIKE,306,309,-0.5,1.701020471611065
6,6_pattern.gpx,STEP,369,372,-2.3000000000000114,0.8698998679132312
6,6_pattern.gpx,SPIKE,379,380,-2.9497160270224185,1.1750594448463108
6,6_pattern.gpx,SPIKE,406,407,0.19999999999998863,0.38152177951264227
6,6_pattern.gpx,STEP,682,684,-7.600000000000023,0.2848947944710854
6,6_pattern.gpx,SPIKE,756,757,6.100000000000023,1.917222487621149
6,6_pattern.gpx,SPIKE,775,776,0.30000000000001137,4.4312763685725445
6,6_pattern.gpx,SPIKE,895,896,-1.0,1.6729915446218113
6,6_pattern.gpx,STEP,1149,1157,15.0,0.6837475064705499
6,6_pattern.gpx,STEP,1165,1172,17.064463826275755,0.49915688268346703
6,6_pattern.gpx,STEP,1174,1177,11.795913516907035,0.5048048866878951
6,6_pattern.gpx,STEP,1180,1184,15.767240834486586,0.7852520458954629
6,6_pattern.gpx,STEP,1199,1201,19.35582359234394,0.255398082849865
6,6_pattern.gpx,SPIKE,1212,1213,22.521344557944246,0.24368645371484865
6,6_pattern.gpx,SPIKE,1222,1223,25.100000000000023,0.2844564482749623
6,6_pattern.gpx,SPIKE,1225,1226,22.399999999999977,0.24865274204409168
6,6_pattern.gpx,STEP,1248,1251,-21.19999999999999,0.297521391044311
6,6_pattern.gpx,STEP,1253,1257,-21.353567147740534,0.2876057986944529
6,6_pattern.gpx,STEP,1262,1264,-19.63818682372539,0.30421222622738925
6,6_pattern.gpx,STEP,1280,1282,-21.709117483218222,0.6009364406992819
6,6_pattern.gpx,STEP,1284,1288,-24.215753212637537,0.30812926924493755
6,6_pattern.gpx,STEP,1302,1309,-28.319536996787917,0.5613148924303577
6,6_pattern.gpx,STEP,1388,1390,-15.699999999999989,0.32906853691635923
6,6_pattern.gpx,STEP,1394,1398,-14.93070484265678,0.3753023110768455
6,6_pattern.gpx,SPIKE,1400,1401,-12.6914885974129,0.4294341317179177
6,6_pattern.gpx,STEP,1403,1406,-14.568967817862017,0.4066240613360188
6,6_pattern.gpx,STEP,1408,1419,-26.177719382141845,0.3405497727370135
6,6_pattern.gpx,STEP,1421,1429,-30.937684900448687,0.6589687756931519
6,6_pattern.gpx,STEP,1436,1438,-24.47139173747837,0.2930343640892677
6,6_pattern.gpx,SPIKE,1442,1443,-16.62016037707241,0.23997237736359453
6,6_pattern.gpx,SPIKE,1446,1447,-14.809040774653056,0.24172678083126775
6,6_pattern.gpx,SPIKE,1478,1479,-10.5,0.25442613888860205
6,6_pattern.gpx,SPIKE,1515,1516,-14.100000000000023,0.28066997269665056
6,6_pattern.gpx,SPIKE,1521,1522,-16.19999999999999,0.24364527633176247
6,6_pattern.gpx,SPIKE,1531,1532,-17.700000000000045,0.4096321593194363
6,6_pattern.gpx,STEP,1534,1536,-18.299999999999955,0.27923332778302057
6,6_pattern.gpx,SPIKE,1541,1542,-16.87033220932068,21.289264225252534
